Workbook

Sheet PGĐ
E2: =SUBTOTAL(9,E4:E730) -> 41464650990
A3: Đơn vị | B3: Mã PB | C3: Tên PB | D3: NV | E3: Sum of Số tiền
A4: =LEFT(B4,3) -> 101 | B4: 101001 | C4: TSC-Ban KDBH Hàng hóa | D4: Hàng hóa | E4: 489136499 | F4: =VLOOKUP(D4,Sheet1!$A$18:$B$28,2,FALSE) -> BH Hàng hóa | G4: =IF(A4="101",B4,A4) -> 101001 | H4: =E4 -> 489136499 | I4: =VLOOKUP(G4,'CHECK_DT-BT'!$A$3:$C$92,3,FALSE) -> TSC-Ban KDBH Hàng hóa
A5: =LEFT(B5,3) -> 101 | B5: 101001 | C5: TSC-Ban KDBH Hàng hóa | D5: Tài sản | E5: 56620806 | F5: =VLOOKUP(D5,Sheet1!$A$18:$B$28,2,FALSE) -> BH Tài sản | G5: =IF(A5="101",B5,A5) -> 101001 | H5: =E5 -> 56620806 | I5: =VLOOKUP(G5,'CHECK_DT-BT'!$A$3:$C$92,3,FALSE) -> TSC-Ban KDBH Hàng hóa
A6: =LEFT(B6,3) -> 101 | B6: 101001 | C6: TSC-Ban KDBH Hàng hóa | D6: Xe cơ giới | E6: 1500000 | F6: =VLOOKUP(D6,Sheet1!$A$18:$B$28,2,FALSE) -> BH Xe cơ giới | G6: =IF(A6="101",B6,A6) -> 101001 | H6: =E6 -> 1500000 | I6: =VLOOKUP(G6,'CHECK_DT-BT'!$A$3:$C$92,3,FALSE) -> TSC-Ban KDBH Hàng hóa
A7: =LEFT(B7,3) -> 101 | B7: 101004 | C7: TSC-Ban bảo hiểm DKHK | D7: Hàng không | E7: 3398923902 | F7: =VLOOKUP(D7,Sheet1!$A$18:$B$28,2,FALSE) -> #N/A | G7: =IF(A7="101",B7,A7) -> 101004 | H7: =E7 -> 3398923902 | I7: =VLOOKUP(G7,'CHECK_DT-BT'!$A$3:$C$92,3,FALSE) -> #N/A
A8: =LEFT(B8,3) -> 101 | B8: 101005 | C8: TSC-Ban BH Dự án | D8: Hàng hóa | E8: 1000036650 | F8: =VLOOKUP(D8,Sheet1!$A$18:$B$28,2,FALSE) -> BH Hàng hóa | G8: =IF(A8="101",B8,A8) -> 101005 | H8: =E8 -> 1000036650 | I8: =VLOOKUP(G8,'CHECK_DT-BT'!$A$3:$C$92,3,FALSE) -> TSC-Ban BH Dự án (Fronting)
A9: =LEFT(B9,3) -> 101 | B9: 101005 | C9: TSC-Ban BH Dự án | D9: Kỹ thuật | E9: 76638527 | F9: =VLOOKUP(D9,Sheet1!$A$18:$B$28,2,FALSE) -> BH Kỹ thuật | G9: =IF(A9="101",B9,A9) -> 101005 | H9: =E9 -> 76638527 | I9: =VLOOKUP(G9,'CHECK_DT-BT'!$A$3:$C$92,3,FALSE) -> TSC-Ban BH Dự án (Fronting)
A10: =LEFT(B10,3) -> 101 | B10: 101005 | C10: TSC-Ban BH Dự án | D10: Tài sản | E10: 1733620520 | F10: =VLOOKUP(D10,Sheet1!$A$18:$B$28,2,FALSE) -> BH Tài sản | G10: =IF(A10="101",B10,A10) -> 101005 | H10: =E10 -> 1733620520 | I10: =VLOOKUP(G10,'CHECK_DT-BT'!$A$3:$C$92,3,FALSE) -> TSC-Ban BH Dự án (Fronting)
A11: =LEFT(B11,3) -> 101 | B11: 101006 | C11: TSC-Ban KDBH Tàu thủy | D11: Hull (Thân tàu biển) | E11: 207111738 | F11: =VLOOKUP(D11,Sheet1!$A$18:$B$28,2,FALSE) -> Hull (Thân tàu biển) | G11: =IF(A11="101",B11,A11) -> 101006 | H11: =E11 -> 207111738 | I11: =VLOOKUP(G11,'CHECK_DT-BT'!$A$3:$C$92,3,FALSE) -> TSC-Ban KDBH Tàu thủy
A12: =LEFT(B12,3) -> 101 | B12: 101006 | C12: TSC-Ban KDBH Tàu thủy | D12: Kỹ thuật | E12: 2060709798 | F12: =VLOOKUP(D12,Sheet1!$A$18:$B$28,2,FALSE) -> BH Kỹ thuật | G12: =IF(A12="101",B12,A12) -> 101006 | H12: =E12 -> 2060709798 | I12: =VLOOKUP(G12,'CHECK_DT-BT'!$A$3:$C$92,3,FALSE) -> TSC-Ban KDBH Tàu thủy
A13: =LEFT(B13,3) -> 101 | B13: 101006 | C13: TSC-Ban KDBH Tàu thủy | D13: Tàu khác | E13: 31307000 | F13: =VLOOKUP(D13,Sheet1!$A$18:$B$28,2,FALSE) -> Tàu khác | G13: =IF(A13="101",B13,A13) -> 101006 | H13: =E13 -> 31307000 | I13: =VLOOKUP(G13,'CHECK_DT-BT'!$A$3:$C$92,3,FALSE) -> TSC-Ban KDBH Tàu thủy
A14: =LEFT(B14,3) -> 101 | B14: 101007 | C14: TSC-Ban Bảo hiểm trực tuyến | D14: Tài sản | E14: 13210000 | F14: =VLOOKUP(D14,Sheet1!$A$18:$B$28,2,FALSE) -> BH Tài sản | G14: =IF(A14="101",B14,A14) -> 101007 | H14: =E14 -> 13210000 | I14: =VLOOKUP(G14,'CHECK_DT-BT'!$A$3:$C$92,3,FALSE) -> TSC-Ban Bảo hiểm trực tuyến
A15: =LEFT(B15,3) -> 101 | B15: 101007 | C15: TSC-Ban Bảo hiểm trực tuyến | D15: Xe cơ giới | E15: 9200000 | F15: =VLOOKUP(D15,Sheet1!$A$18:$B$28,2,FALSE) -> BH Xe cơ giới | G15: =IF(A15="101",B15,A15) -> 101007 | H15: =E15 -> 9200000 | I15: =VLOOKUP(G15,'CHECK_DT-BT'!$A$3:$C$92,3,FALSE) -> TSC-Ban Bảo hiểm trực tuyến
... A527: =LEFT(B527,3) -> 172 | B527: 172 | C527: BV Thái Bình | D527: Xe cơ giới | E527: 1700000 | F527: =VLOOKUP(D527,Sheet1!$A$18:$B$28,2,FALSE) -> BH Xe cơ giới | G527: =IF(A527="101",B527,A527) -> 172 | H527: =E527 -> 1700000 | I527: =VLOOKUP(G527,'CHECK_DT-BT'!$A$3:$C$92,3,FALSE) -> BV Thái Bình
A528: =LEFT(B528,3) -> 172 | B528: 172000 | C528: TBI-Cong ty - Chi QL chung | D528: 0 | E528: 14000000 | F528: =VLOOKUP(D528,Sheet1!$A$18:$B$28,2,FALSE) -> #N/A | G528: =IF(A528="101",B528,A528) -> 172 | H528: =E528 -> 14000000 | I528: =VLOOKUP(G528,'CHECK_DT-BT'!$A$3:$C$92,3,FALSE) -> BV Thái Bình
A529: =LEFT(B529,3) -> 172 | B529: 172000 | C529: TBI-Cong ty - Chi QL chung | D529: Xe cơ giới | E529: 1600000 | F529: =VLOOKUP(D529,Sheet1!$A$18:$B$28,2,FALSE) -> BH Xe cơ giới | G529: =IF(A529="101",B529,A529) -> 172 | H529: =E529 -> 1600000 | I529: =VLOOKUP(G529,'CHECK_DT-BT'!$A$3:$C$92,3,FALSE) -> BV Thái Bình
A530: =LEFT(B530,3) -> 172 | B530: 172001 | C530: TBI-PHONG BH SO 1 | D530: 0 | E530: 6240000 | F530: =VLOOKUP(D530,Sheet1!$A$18:$B$28,2,FALSE) -> #N/A | G530: =IF(A530="101",B530,A530) -> 172 | H530: =E530 -> 6240000 | I530: =VLOOKUP(G530,'CHECK_DT-BT'!$A$3:$C$92,3,FALSE) -> BV Thái Bình
A531: =LEFT(B531,3) -> 172 | B531: 172001 | C531: TBI-PHONG BH SO 1 | D531: Xe cơ giới | E531: 500000 | F531: =VLOOKUP(D531,Sheet1!$A$18:$B$28,2,FALSE) -> BH Xe cơ giới | G531: =IF(A531="101",B531,A531) -> 172 | H531: =E531 -> 500000 | I531: =VLOOKUP(G531,'CHECK_DT-BT'!$A$3:$C$92,3,FALSE) -> BV Thái Bình
A532: =LEFT(B532,3) -> 172 | B532: 172002 | C532: TBI-PHONG BH SO 2 | D532: 0 | E532: 6780000 | F532: =VLOOKUP(D532,Sheet1!$A$18:$B$28,2,FALSE) -> #N/A | G532: =IF(A532="101",B532,A532) -> 172 | H532: =E532 -> 6780000 | I532: =VLOOKUP(G532,'CHECK_DT-BT'!$A$3:$C$92,3,FALSE) -> BV Thái Bình
A533: =LEFT(B533,3) -> 172 | B533: 172010 | C533: TBI-PHONG BH VU THU | D533: 0 | E533: 3360000 | F533: =VLOOKUP(D533,Sheet1!$A$18:$B$28,2,FALSE) -> #N/A | G533: =IF(A533="101",B533,A533) -> 172 | H533: =E533 -> 3360000 | I533: =VLOOKUP(G533,'CHECK_DT-BT'!$A$3:$C$92,3,FALSE) -> BV Thái Bình
A534: =LEFT(B534,3) -> 173 | B534: 173 | C534: BV Thái Nguyên | D534: Xe cơ giới | E534: 1700000 | F534: =VLOOKUP(D534,Sheet1!$A$18:$B$28,2,FALSE) -> BH Xe cơ giới | G534: =IF(A534="101",B534,A534) -> 173 | H534: =E534 -> 1700000 | I534: =VLOOKUP(G534,'CHECK_DT-BT'!$A$3:$C$92,3,FALSE) -> BV Thái Nguyên
A535: =LEFT(B535,3) -> 173 | B535: 173000 | C535: TNG-Cong ty - Chi QL chung | D535: Con người | E535: 2270824 | F535: =VLOOKUP(D535,Sheet1!$A$18:$B$28,2,FALSE) -> BH Con người | G535: =IF(A535="101",B535,A535) -> 173 | H535: =E535 -> 2270824 | I535: =VLOOKUP(G535,'CHECK_DT-BT'!$A$3:$C$92,3,FALSE) -> BV Thái Nguyên
A536: =LEFT(B536,3) -> 173 | B536: 173000 | C536: TNG-Cong ty - Chi QL chung | D536: Hàng hóa | E536: 26478880 | F536: =VLOOKUP(D536,Sheet1!$A$18:$B$28,2,FALSE) -> BH Hàng hóa | G536: =IF(A536="101",B536,A536) -> 173 | H536: =E536 -> 26478880 | I536: =VLOOKUP(G536,'CHECK_DT-BT'!$A$3:$C$92,3,FALSE) -> BV Thái Nguyên
A537: =LEFT(B537,3) -> 173 | B537: 173000 | C537: TNG-Cong ty - Chi QL chung | D537: Xe cơ giới | E537: 5284666 | F537: =VLOOKUP(D537,Sheet1!$A$18:$B$28,2,FALSE) -> BH Xe cơ giới | G537: =IF(A537="101",B537,A537) -> 173 | H537: =E537 -> 5284666 | I537: =VLOOKUP(G537,'CHECK_DT-BT'!$A$3:$C$92,3,FALSE) -> BV Thái Nguyên
A538: =LEFT(B538,3) -> 173 | B538: 173000 | C538: TNG-Cong ty - Chi QL chung | D538: Y tế | E538: 1542162 | F538: =VLOOKUP(D538,Sheet1!$A$18:$B$28,2,FALSE) -> BH Y tế | G538: =IF(A538="101",B538,A538) -> 173 | H538: =E538 -> 1542162 | I538: =VLOOKUP(G538,'CHECK_DT-BT'!$A$3:$C$92,3,FALSE) -> BV Thái Nguyên
A539: =LEFT(B539,3) -> 173 | B539: 173001 | C539: TNG-PHONG BH SO 1 | D539: Hàng hóa | E539: 10000000 | F539: =VLOOKUP(D539,Sheet1!$A$18:$B$28,2,FALSE) -> BH Hàng hóa | G539: =IF(A539="101",B539,A539) -> 173 | H539: =E539 -> 10000000 | I539: =VLOOKUP(G539,'CHECK_DT-BT'!$A$3:$C$92,3,FALSE) -> BV Thái Nguyên
A540: =LEFT(B540,3) -> 173 | B540: 173001 | C540: TNG-PHONG BH SO 1 | D540: Xe cơ giới | E540: 3500000 | F540: =VLOOKUP(D540,Sheet1!$A$18:$B$28,2,FALSE) -> BH Xe cơ giới | G540: =IF(A540="101",B540,A540) -> 173 | H540: =E540 -> 3500000 | I540: =VLOOKUP(G540,'CHECK_DT-BT'!$A$3:$C$92,3,FALSE) -> BV Thái Nguyên
A541: =LEFT(B541,3) -> 173 | B541: 173003 | C541: TNG-PHONG BH SO 3 | D541: Xe cơ giới | E541: 7500000 | F541: =VLOOKUP(D541,Sheet1!$A$18:$B$28,2,FALSE) -> BH Xe cơ giới | G541: =IF(A541="101",B541,A541) -> 173 | H541: =E541 -> 7500000 | I541: =VLOOKUP(G541,'CHECK_DT-BT'!$A$3:$C$92,3,FALSE) -> BV Thái Nguyên
A542: =LEFT(B542,3) -> 173 | B542: 173006 | C542: TNG-PHONG BH SO 6 | D542: Xe cơ giới | E542: 1000000 | F542: =VLOOKUP(D542,Sheet1!$A$18:$B$28,2,FALSE) -> BH Xe cơ giới | G542: =IF(A542="101",B542,A542) -> 173 | H542: =E542 -> 1000000 | I542: =VLOOKUP(G542,'CHECK_DT-BT'!$A$3:$C$92,3,FALSE) -> BV Thái Nguyên
A543: =LEFT(B543,3) -> 173 | B543: 173101 | C543: TNG-PHONG HTPT KINH DOANH | D543: Xe cơ giới | E543: 6000000 | F543: =VLOOKUP(D543,Sheet1!$A$18:$B$28,2,FALSE) -> BH Xe cơ giới | G543: =IF(A543="101",B543,A543) -> 173 | H543: =E543 -> 6000000 | I543: =VLOOKUP(G543,'CHECK_DT-BT'!$A$3:$C$92,3,FALSE) -> BV Thái Nguyên
A544: =LEFT(B544,3) -> 174 | B544: 174 | C544: BV Thanh Hóa | D544: Xe cơ giới | E544: 700000 | F544: =VLOOKUP(D544,Sheet1!$A$18:$B$28,2,FALSE) -> BH Xe cơ giới | G544: =IF(A544="101",B544,A544) -> 174 | H544: =E544 -> 700000 | I544: =VLOOKUP(G544,'CHECK_DT-BT'!$A$3:$C$92,3,FALSE) -> BV Thanh Hóa
A545: =LEFT(B545,3) -> 174 | B545: 174000 | C545: THO-Cong ty - Chi QL chung | D545: Con người | E545: 42653551 | F545: =VLOOKUP(D545,Sheet1!$A$18:$B$28,2,FALSE) -> BH Con người | G545: =IF(A545="101",B545,A545) -> 174 | H545: =E545 -> 42653551 | I545: =VLOOKUP(G545,'CHECK_DT-BT'!$A$3:$C$92,3,FALSE) -> BV Thanh Hóa
... A730: =LEFT(B730,3) -> 196 | B730: 196102 | C730: MDI- Phong Ke toan - Tong hop | D730: Xe cơ giới | E730: 1500000 | F730: =VLOOKUP(D730,Sheet1!$A$18:$B$28,2,FALSE) -> BH Xe cơ giới | G730: =IF(A730="101",B730,A730) -> 196 | H730: =E730 -> 1500000 | I730: =VLOOKUP(G730,'CHECK_DT-BT'!$A$3:$C$92,3,FALSE) -> BV Mỹ Đình

Sheet ĐMCP
B1: ma_cong_ty | C1: Tên đơn vị | D1: Doanh thu thực thu | E1: nghiep_vu | G1: Định mức chi hoạt động | H1: Định mức chi hoạt động | I1: Định mức chi ĐPHCTT | J1: Định mức chi Hoa Hồng | K1: Định mức chi Hỗ trợ đại lý | L1: Định mức chi Bán Hàng | M1: Định mức Lương
B3: 103 | C3: Lấy giá trị tương ứng tại cột "Tên đơn vị" ở sheet Mapping Coid tương ứng vs coid | D3: Tổng giá trị cột "Tổng doanh thu" tại sheet KH02 theo từng nghiệp vụ và coid tương ứng | E3: Mapping cột "Mã nghiệp vụ" tại sheet KH02 và cột "Mã sản phẩm" tại sheet KH07 với cột "MaSP" tại sheet Mapping NV. Lấy giá trị tương ứng tại cột "Nghiệp vụ" (cột C) trong sheet Mapping NV. Kết quả : Hàng hóa, Tài sản, Kỹ thuật,…. | G3: Tổng giá trị cột "Định mức chi phí hoạt động" tại sheet KH02 và cột "Chi phí Hoạt động bổ sung" tại sheet KH07 theo coid tương ứng. Do 1 số khoản chi hoạt động không giao theo nghiệp vụ nên sẽ phải phân bổ chi hoạt động cho các nghiệp vụ của 1 đơn vị theo tỷ trọng doanh thu. Ví dụ minh hoạ bên dưới | H3: Tổng giá trị cột "Định mức chi phí hoạt động" tại sheet KH02 và cột "Chi phí Hoạt động bổ sung" tại sheet KH07 theo coid tương ứng. Do 1 số khoản chi hoạt động không giao theo nghiệp vụ nên sẽ phải phân bổ chi hoạt động cho các nghiệp vụ của 1 đơn vị theo tỷ trọng doanh thu. Ví dụ minh hoạ bên dưới | I3: Tổng giá trị cột "Định mức chi ĐPHCTT" tại sheet KH02 và cột "Chi phí ĐPHCTT bổ sung" tại sheet KH07 theo từng nghiệp vụ và coid tương ứng | J3: Tổng giá trị các cột "Định mức chi hoa hồng" tại sheet KH02 (kênh môi giới, kênh đại lý và kênh đăng kiểm) và cột "Chi hoa hồng bổ sung" tại sheet KH07 theo từng nghiệp vụ và coid tương ứng | K3: Tổng giá trị các cột "Định mức chi HTĐL " tại sheet KH02 (kênh đại lý và kênh đăng kiểm) và cột "Chi HTĐL bổ sung" tại sheet KH07 theo từng nghiệp vụ và coid tương ứng | L3: Tổng giá trị các cột "Định mức chi Bán hàng " tại sheet KH02 (Kênh môi giới, kênh đại lý, kênh đăng kiểm và kênh trực tiếp) và cột "Chi Bán Hàng Bổ Sung" tại sheet KH07 theo từng nghiệp vụ và coid tương ứng | M3: Tổng giá trị các cột "Định mức lương " tại sheet KH02 (Kênh môi giới, kênh đại lý, kênh đăng kiểm và kênh trực tiếp) và cột "Chi Lương Bổ Sung" tại sheet KH07 theo từng nghiệp vụ và coid tương ứng
B4: 104
B5: 105
B6: 106
B7: ….
C8: check | D8: -4129706328 | E8: 1125730707725 | G8: -30569984 | I8: 0 | J8: 0 | K8: 0 | L8: 2972513339 | M8: 0
C9: sum | D9: 2033017011550 | F9: 8.659467e+10 | G9: -34704912 | H9: 8.6559965e+10 | I9: 584135761 | J9: 190820252422 | K9: 56848731820 | L9: 115910953778 | M9: 99870854743
A10: ma_cong_ty | B10: Công ty | C10: nghiep_vu | D10: Doanh thu thực thu | F10: Chi hoạt động phân bổ | G10: Chi hoạt động theo nghiệp vụ | H10: Định mức chi hoạt động | I10: Định mức chi ĐPHCTT | J10: Định mức chi Hoa Hồng | K10: Định mức chi Hỗ trợ đại lý | L10: Định mức chi Bán Hàng | M10: Định mức Lương | N10: Chi phí định mức
A11: 103 | B11: Thăng Long | C11: Hàng hóa | D11: 974860062 | E11: 1888042500 | F11: 41072204 | G11: 0 | H11: 41072204 | I11: 0 | J11: 97486007 | K11: 48743004 | L11: 38994402 | M11: 77988804 | N11: 3.0428442e+08 | O11: =VLOOKUP(A11,Report_HQ1!$A$7:$C$95,3,FALSE) -> BV Thăng Long | P11: =VLOOKUP(C11,Sheet1!$U$4:$V$14,2,FALSE) -> BH Hàng hóa | Q11: =N11 -> 3.0428442e+08
A12: 103 | B12: Thăng Long | C12: Tàu khác | D12: 0 | E12: 1888042500 | F12: 0 | G12: 0 | H12: 0 | I12: 0 | J12: 0 | K12: 0 | L12: 0 | M12: 0 | N12: 0 | O12: =VLOOKUP(A12,Report_HQ1!$A$7:$C$95,3,FALSE) -> BV Thăng Long | P12: =VLOOKUP(C12,Sheet1!$U$4:$V$14,2,FALSE) -> Tàu khác | Q12: =N12 -> 0
A13: 103 | B13: Thăng Long | C13: Thân tàu biển | D13: 1578512074 | E13: 1888042500 | F13: 66504899 | G13: 0 | H13: 66504899 | I13: 7892560 | J13: 78925604 | K13: 39462801 | L13: 0 | M13: 47355362 | N13: 2.4014123e+08 | O13: =VLOOKUP(A13,Report_HQ1!$A$7:$C$95,3,FALSE) -> BV Thăng Long | P13: =VLOOKUP(C13,Sheet1!$U$4:$V$14,2,FALSE) -> Hull (Thân tàu biển) | Q13: =N13 -> 2.4014123e+08
A14: 103 | B14: Thăng Long | C14: P&I | D14: 1200342364 | E14: 1888042500 | F14: 50572086 | G14: -4134928 | H14: 46437158 | I14: 0 | J14: 58983386 | K14: 24839900 | L14: 0 | M14: 31875343 | N14: 1.6213579e+08 | O14: =VLOOKUP(A14,Report_HQ1!$A$7:$C$95,3,FALSE) -> BV Thăng Long | P14: =VLOOKUP(C14,Sheet1!$U$4:$V$14,2,FALSE) -> P&I | Q14: =N14 -> 1.6213579e+08
A15: 103 | B15: Thăng Long | C15: Trách nhiệm | D15: 669375306 | E15: 1888042500 | F15: 28201709 | G15: 0 | H15: 28201709 | I15: 0 | J15: 31202766 | K15: 27135048 | L15: 91796610 | M15: 43779092 | N15: 2.2211522e+08 | O15: =VLOOKUP(A15,Report_HQ1!$A$7:$C$95,3,FALSE) -> BV Thăng Long | P15: =VLOOKUP(C15,Sheet1!$U$4:$V$14,2,FALSE) -> BH Trách nhiệm | Q15: =N15 -> 2.2211522e+08
A16: 103 | B16: Thăng Long | C16: Hàng không | D16: 689743586 | E16: 1888042500 | F16: 29059852 | G16: 0 | H16: 29059852 | I16: 0 | J16: 0 | K16: 0 | L16: 82562307 | M16: 17450513 | N16: 1.2907267e+08 | O16: =VLOOKUP(A16,Report_HQ1!$A$7:$C$95,3,FALSE) -> BV Thăng Long | P16: =VLOOKUP(C16,Sheet1!$U$4:$V$14,2,FALSE) -> #N/A | Q16: =N16 -> 1.2907267e+08
A17: 103 | B17: Thăng Long | C17: Kỹ thuật | D17: 4890335795 | E17: 1888042500 | F17: 2.0603662e+08 | G17: -4479244 | H17: 2.0155737e+08 | I17: 0 | J17: 330828047 | K17: 66954286 | L17: 422542716 | M17: 278780679 | N17: 1.3006631e+09 | O17: =VLOOKUP(A17,Report_HQ1!$A$7:$C$95,3,FALSE) -> BV Thăng Long | P17: =VLOOKUP(C17,Sheet1!$U$4:$V$14,2,FALSE) -> BH Kỹ thuật | Q17: =N17 -> 1.3006631e+09
A18: 103 | B18: Thăng Long | C18: Tài sản | D18: 9057639266 | E18: 1888042500 | F18: 3.8161088e+08 | G18: 0 | H18: 3.8161088e+08 | I18: 0 | J18: 743370971 | K18: 134653506 | L18: 817940117 | M18: 500205004 | N18: 2.5777805e+09 | O18: =VLOOKUP(A18,Report_HQ1!$A$7:$C$95,3,FALSE) -> BV Thăng Long | P18: =VLOOKUP(C18,Sheet1!$U$4:$V$14,2,FALSE) -> BH Tài sản | Q18: =N18 -> 2.5777805e+09
A19: 103 | B19: Thăng Long | C19: Xe cơ giới | D19: 11825313244 | E19: 1888042500 | F19: 4.9821682e+08 | G19: 0 | H19: 4.9821682e+08 | I19: 0 | J19: 1064840666 | K19: 530484507 | L19: 889670053 | M19: 649894886 | N19: 3.6331069e+09 | O19: =VLOOKUP(A19,Report_HQ1!$A$7:$C$95,3,FALSE) -> BV Thăng Long | P19: =VLOOKUP(C19,Sheet1!$U$4:$V$14,2,FALSE) -> BH Xe cơ giới | Q19: =N19 -> 3.6331069e+09
A20: 103 | B20: Thăng Long | C20: Con người | D20: 677209846 | E20: 1888042500 | F20: 28531789 | G20: 0 | H20: 28531789 | I20: 10000 | J20: 127334849 | K20: 24545633 | L20: 24335073 | M20: 44034951 | N20: 2.4879229e+08 | O20: =VLOOKUP(A20,Report_HQ1!$A$7:$C$95,3,FALSE) -> BV Thăng Long | P20: =VLOOKUP(C20,Sheet1!$U$4:$V$14,2,FALSE) -> BH Con người | Q20: =N20 -> 2.4879229e+08
A21: 103 | B21: Thăng Long | C21: Nông nghiệp | D21: 0 | E21: 1888042500 | F21: 0 | G21: 0 | H21: 0 | I21: 0 | J21: 0 | K21: 0 | L21: 0 | M21: 0 | N21: 0 | O21: =VLOOKUP(A21,Report_HQ1!$A$7:$C$95,3,FALSE) -> BV Thăng Long | P21: =VLOOKUP(C21,Sheet1!$U$4:$V$14,2,FALSE) -> #N/A | Q21: =N21 -> 0
A22: 103 | B22: Thăng Long | C22: Y tế | D22: 12788905890 | E22: 1888042500 | F22: 5.3881431e+08 | G22: 0 | H22: 5.3881431e+08 | I22: 0 | J22: 2228718591 | K22: 349492893 | L22: 0 | M22: 659757280 | N22: 3.7767831e+09 | O22: =VLOOKUP(A22,Report_HQ1!$A$7:$C$95,3,FALSE) -> BV Thăng Long | P22: =VLOOKUP(C22,Sheet1!$U$4:$V$14,2,FALSE) -> BH Y tế | Q22: =N22 -> 3.7767831e+09
... A1020: 195 | B1020: Bến Thành | C1020: Xe cơ giới | D1020: 6024518828 | E1020: 1782940000 | F1020: 3.2482591e+08 | G1020: 0 | H1020: 3.2482591e+08 | I1020: 0 | J1020: 581657779 | K1020: 275837951 | L1020: 461178611 | M1020: 331177812 | N1020: 1.9746781e+09 | O1020: =VLOOKUP(A1020,Report_HQ1!$A$7:$C$95,3,FALSE) -> BV Bến Thành | P1020: =VLOOKUP(C1020,Sheet1!$U$4:$V$14,2,FALSE) -> BH Xe cơ giới | Q1020: =N1020 -> 1.9746781e+09
A1021: 195 | B1021: Bến Thành | C1021: Con người | D1021: 410273142 | E1021: 1782940000 | F1021: 22120828 | G1021: 0 | H1021: 22120828 | I1021: 0 | J1021: 81945538 | K1021: 20853934 | L1021: 21009992 | M1021: 24601935 | N1021: 1.7053223e+08 | O1021: =VLOOKUP(A1021,Report_HQ1!$A$7:$C$95,3,FALSE) -> BV Bến Thành | P1021: =VLOOKUP(C1021,Sheet1!$U$4:$V$14,2,FALSE) -> BH Con người | Q1021: =N1021 -> 1.7053223e+08 | X1021: Hàng hóa
A1022: 195 | B1022: Bến Thành | C1022: Nông nghiệp | D1022: 0 | E1022: 1782940000 | F1022: 0 | G1022: 0 | H1022: 0 | I1022: 0 | J1022: 0 | K1022: 0 | L1022: 0 | M1022: 0 | N1022: 0 | O1022: =VLOOKUP(A1022,Report_HQ1!$A$7:$C$95,3,FALSE) -> BV Bến Thành | P1022: =VLOOKUP(C1022,Sheet1!$U$4:$V$14,2,FALSE) -> #N/A | Q1022: =N1022 -> 0 | X1022: Tàu khác
A1023: 195 | B1023: Bến Thành | C1023: Y tế | D1023: 11159426634 | E1023: 1782940000 | F1023: 6.0168637e+08 | G1023: 0 | H1023: 6.0168637e+08 | I1023: 0 | J1023: 1628157054 | K1023: 431442845 | L1023: 84392532 | M1023: 538790898 | N1023: 3.2844697e+09 | O1023: =VLOOKUP(A1023,Report_HQ1!$A$7:$C$95,3,FALSE) -> BV Bến Thành | P1023: =VLOOKUP(C1023,Sheet1!$U$4:$V$14,2,FALSE) -> BH Y tế | Q1023: =N1023 -> 3.2844697e+09 | X1023: Thân tàu biển
A1024: 195 | B1024: Bến Thành | C1024: Du lịch | D1024: 198955000 | E1024: 1782940000 | F1024: 10727120 | G1024: 0 | H1024: 10727120 | I1024: 0 | J1024: 39469200 | K1024: 39469200 | L1024: 482700 | M1024: 15916400 | N1024: 1.0606462e+08 | O1024: =VLOOKUP(A1024,Report_HQ1!$A$7:$C$95,3,FALSE) -> BV Bến Thành | P1024: =VLOOKUP(C1024,Sheet1!$U$4:$V$14,2,FALSE) -> BH Du lịch | Q1024: =N1024 -> 1.0606462e+08 | X1024: P&I
A1025: 196 | B1025: Mỹ Đình | C1025: Hàng hóa | D1025: 547263299 | E1025: 1234500000 | F1025: 23268481 | G1025: 0 | H1025: 23268481 | I1025: 0 | J1025: 54726329 | K1025: 27363165 | L1025: 21890532 | M1025: 43781064 | N1025: 1.7102957e+08 | O1025: =VLOOKUP(A1025,Report_HQ1!$A$7:$C$95,3,FALSE) -> BV Mỹ Đình | P1025: =VLOOKUP(C1025,Sheet1!$U$4:$V$14,2,FALSE) -> BH Hàng hóa | Q1025: =N1025 -> 1.7102957e+08 | X1025: Trách nhiệm
A1026: 196 | B1026: Mỹ Đình | C1026: Tàu khác | D1026: 15582000 | E1026: 1234500000 | F1026: 662513.78 | G1026: 0 | H1026: 662513.78 | I1026: 0 | J1026: 2337300 | K1026: 1090740 | L1026: 155820 | M1026: 1246560 | N1026: 5492933.8 | O1026: =VLOOKUP(A1026,Report_HQ1!$A$7:$C$95,3,FALSE) -> BV Mỹ Đình | P1026: =VLOOKUP(C1026,Sheet1!$U$4:$V$14,2,FALSE) -> Tàu khác | Q1026: =N1026 -> 5492933.8 | X1026: Hàng không
A1027: 196 | B1027: Mỹ Đình | C1027: Thân tàu biển | D1027: 502601632 | E1027: 1234500000 | F1027: 21369561 | G1027: 0 | H1027: 21369561 | I1027: 2513008 | J1027: 75390245 | K1027: 0 | L1027: 0 | M1027: 15078049 | N1027: 1.1435086e+08 | O1027: =VLOOKUP(A1027,Report_HQ1!$A$7:$C$95,3,FALSE) -> BV Mỹ Đình | P1027: =VLOOKUP(C1027,Sheet1!$U$4:$V$14,2,FALSE) -> Hull (Thân tàu biển) | Q1027: =N1027 -> 1.1435086e+08 | X1027: Kỹ thuật
A1028: 196 | B1028: Mỹ Đình | C1028: P&I | D1028: 687264939 | E1028: 1234500000 | F1028: 29221056 | G1028: 0 | H1028: 29221056 | I1028: 0 | J1028: 51544871 | K1028: 0 | L1028: 0 | M1028: 20617949 | N1028: 1.0138388e+08 | O1028: =VLOOKUP(A1028,Report_HQ1!$A$7:$C$95,3,FALSE) -> BV Mỹ Đình | P1028: =VLOOKUP(C1028,Sheet1!$U$4:$V$14,2,FALSE) -> P&I | Q1028: =N1028 -> 1.0138388e+08 | X1028: Tài sản
A1029: 196 | B1029: Mỹ Đình | C1029: Trách nhiệm | D1029: 623615909 | E1029: 1234500000 | F1029: 26514833 | G1029: 0 | H1029: 26514833 | I1029: 0 | J1029: 34053295 | K1029: 17026648 | L1029: 44760443 | M1029: 49889273 | N1029: 1.7224449e+08 | O1029: =VLOOKUP(A1029,Report_HQ1!$A$7:$C$95,3,FALSE) -> BV Mỹ Đình | P1029: =VLOOKUP(C1029,Sheet1!$U$4:$V$14,2,FALSE) -> BH Trách nhiệm | Q1029: =N1029 -> 1.7224449e+08 | X1029: Xe cơ giới
A1030: 196 | B1030: Mỹ Đình | C1030: Hàng không | D1030: 0 | E1030: 1234500000 | F1030: 0 | G1030: 0 | H1030: 0 | I1030: 0 | J1030: 0 | K1030: 0 | L1030: 0 | M1030: 0 | N1030: 0 | O1030: =VLOOKUP(A1030,Report_HQ1!$A$7:$C$95,3,FALSE) -> BV Mỹ Đình | P1030: =VLOOKUP(C1030,Sheet1!$U$4:$V$14,2,FALSE) -> #N/A | Q1030: =N1030 -> 0 | X1030: Con người
A1031: 196 | B1031: Mỹ Đình | C1031: Kỹ thuật | D1031: 242328308 | E1031: 1234500000 | F1031: 10303289 | G1031: 0 | H1031: 10303289 | I1031: 0 | J1031: 3650000 | K1031: 1825000 | L1031: 5475000 | M1031: 4380000 | N1031: 25633289 | O1031: =VLOOKUP(A1031,Report_HQ1!$A$7:$C$95,3,FALSE) -> BV Mỹ Đình | P1031: =VLOOKUP(C1031,Sheet1!$U$4:$V$14,2,FALSE) -> BH Kỹ thuật | Q1031: =N1031 -> 25633289 | X1031: Nông nghiệp
A1032: 196 | B1032: Mỹ Đình | C1032: Tài sản | D1032: 3517706744 | E1032: 1234500000 | F1032: 1.4956547e+08 | G1032: 0 | H1032: 1.4956547e+08 | I1032: 0 | J1032: 3045588 | K1032: 1522793 | L1032: 325358762 | M1032: 54276671 | N1032: 5.3376929e+08 | O1032: =VLOOKUP(A1032,Report_HQ1!$A$7:$C$95,3,FALSE) -> BV Mỹ Đình | P1032: =VLOOKUP(C1032,Sheet1!$U$4:$V$14,2,FALSE) -> BH Tài sản | Q1032: =N1032 -> 5.3376929e+08 | X1032: Y tế
... A1037: 196 | B1037: Mỹ Đình | C1037: Du lịch | D1037: 895449800 | E1037: 1234500000 | F1037: 38072637 | G1037: 0 | H1037: 38072637 | I1037: 0 | J1037: 179089960 | K1037: 179089960 | L1037: 0 | M1037: 71635984 | N1037: 4.6788854e+08 | O1037: =VLOOKUP(A1037,Report_HQ1!$A$7:$C$95,3,FALSE) -> BV Mỹ Đình | P1037: =VLOOKUP(C1037,Sheet1!$U$4:$V$14,2,FALSE) -> BH Du lịch | Q1037: =N1037 -> 4.6788854e+08 | X1037: P&I
A1038: 101007 | B1038: TSC-Ban Bảo hiểm trực tuyến | C1038: Tài sản | D1038: 924000 | N1038: 924000 | O1038: =VLOOKUP(A1038,Report_HQ1!$A$7:$C$95,3,FALSE) -> TSC-Ban Bảo hiểm trực tuyến | P1038: =VLOOKUP(C1038,Sheet1!$U$4:$V$14,2,FALSE) -> BH Tài sản | Q1038: =N1038 -> 924000 | X1038: Trách nhiệm
A1039: 101007 | B1039: TSC-Ban Bảo hiểm trực tuyến | C1039: Xe cơ giới | D1039: 3.9050235e+08 | N1039: 3.9050235e+08 | O1039: =VLOOKUP(A1039,Report_HQ1!$A$7:$C$95,3,FALSE) -> TSC-Ban Bảo hiểm trực tuyến | P1039: =VLOOKUP(C1039,Sheet1!$U$4:$V$14,2,FALSE) -> BH Xe cơ giới | Q1039: =N1039 -> 3.9050235e+08 | X1039: Hàng không
A1040: 101007 | B1040: TSC-Ban Bảo hiểm trực tuyến | C1040: Con người | D1040: 1.9139075e+08 | N1040: 1.9139075e+08 | O1040: =VLOOKUP(A1040,Report_HQ1!$A$7:$C$95,3,FALSE) -> TSC-Ban Bảo hiểm trực tuyến | P1040: =VLOOKUP(C1040,Sheet1!$U$4:$V$14,2,FALSE) -> BH Con người | Q1040: =N1040 -> 1.9139075e+08 | X1040: Kỹ thuật
A1041: 101007 | B1041: TSC-Ban Bảo hiểm trực tuyến | C1041: Y tế | D1041: 174146008 | N1041: 174146008 | O1041: =VLOOKUP(A1041,Report_HQ1!$A$7:$C$95,3,FALSE) -> TSC-Ban Bảo hiểm trực tuyến | P1041: =VLOOKUP(C1041,Sheet1!$U$4:$V$14,2,FALSE) -> BH Y tế | Q1041: =N1041 -> 174146008 | X1041: Tài sản
A1042: 101007 | B1042: TSC-Ban Bảo hiểm trực tuyến | C1042: Du lịch | D1042: 3837626503 | N1042: 3837626503 | O1042: =VLOOKUP(A1042,Report_HQ1!$A$7:$C$95,3,FALSE) -> TSC-Ban Bảo hiểm trực tuyến | P1042: =VLOOKUP(C1042,Sheet1!$U$4:$V$14,2,FALSE) -> BH Du lịch | Q1042: =N1042 -> 3837626503 | X1042: Xe cơ giới
A1043: 101008 | B1043: TSC-Ban KD Bảo hiểm sức khỏe | C1043: Con người | D1043: 7.6231767e+08 | N1043: 7.6231767e+08 | O1043: =VLOOKUP(A1043,Report_HQ1!$A$7:$C$95,3,FALSE) -> TSC-Ban KD Bảo hiểm sức khỏe | P1043: =VLOOKUP(C1043,Sheet1!$U$4:$V$14,2,FALSE) -> BH Con người | Q1043: =N1043 -> 7.6231767e+08 | X1043: Con người
A1044: 101008 | B1044: TSC-Ban KD Bảo hiểm sức khỏe | C1044: Y tế | D1044: 9.1661008e+10 | N1044: 9.1661008e+10 | O1044: =VLOOKUP(A1044,Report_HQ1!$A$7:$C$95,3,FALSE) -> TSC-Ban KD Bảo hiểm sức khỏe | P1044: =VLOOKUP(C1044,Sheet1!$U$4:$V$14,2,FALSE) -> BH Y tế | Q1044: =N1044 -> 9.1661008e+10 | X1044: Nông nghiệp
A1045: 101008 | B1045: TSC-Ban KD Bảo hiểm sức khỏe | C1045: Du lịch | D1045: 5411557.2 | N1045: 5411557.2 | O1045: =VLOOKUP(A1045,Report_HQ1!$A$7:$C$95,3,FALSE) -> TSC-Ban KD Bảo hiểm sức khỏe | P1045: =VLOOKUP(C1045,Sheet1!$U$4:$V$14,2,FALSE) -> BH Du lịch | Q1045: =N1045 -> 5411557.2 | X1045: Y tế
A1046: 101001 | B1046: TSC-Ban KDBH Hàng hóa | C1046: Hàng hóa | D1046: 2.1327271e+09 | N1046: 2.1327271e+09 | O1046: =VLOOKUP(A1046,Report_HQ1!$A$7:$C$95,3,FALSE) -> TSC-Ban KDBH Hàng hóa | P1046: =VLOOKUP(C1046,Sheet1!$U$4:$V$14,2,FALSE) -> BH Hàng hóa | Q1046: =N1046 -> 2.1327271e+09 | X1046: Du lịch
A1047: 101001 | B1047: TSC-Ban KDBH Hàng hóa | C1047: Thân tàu biển | D1047: 15379764 | N1047: 15379764 | O1047: =VLOOKUP(A1047,Report_HQ1!$A$7:$C$95,3,FALSE) -> TSC-Ban KDBH Hàng hóa | P1047: =VLOOKUP(C1047,Sheet1!$U$4:$V$14,2,FALSE) -> Hull (Thân tàu biển) | Q1047: =N1047 -> 15379764 | X1047: Hàng hóa
A1048: 101001 | B1048: TSC-Ban KDBH Hàng hóa | C1048: Tàu khác | D1048: 37716368 | N1048: 37716368 | O1048: =VLOOKUP(A1048,Report_HQ1!$A$7:$C$95,3,FALSE) -> TSC-Ban KDBH Hàng hóa | P1048: =VLOOKUP(C1048,Sheet1!$U$4:$V$14,2,FALSE) -> Tàu khác | Q1048: =N1048 -> 37716368 | X1048: Tàu khác
A1049: 101001 | B1049: TSC-Ban KDBH Hàng hóa | C1049: Kỹ thuật | D1049: 1387012.5 | N1049: 1387012.5 | O1049: =VLOOKUP(A1049,Report_HQ1!$A$7:$C$95,3,FALSE) -> TSC-Ban KDBH Hàng hóa | P1049: =VLOOKUP(C1049,Sheet1!$U$4:$V$14,2,FALSE) -> BH Kỹ thuật | Q1049: =N1049 -> 1387012.5 | X1049: Thân tàu biển
... A1061: 101003 | B1061: TSC-Ban KDBH Phi hàng hải TSC | C1061: Du lịch | D1061: 65079640 | N1061: 65079640 | O1061: =VLOOKUP(A1061,Report_HQ1!$A$7:$C$95,3,FALSE) -> TSC-Ban KDBH Phi hàng hải TSC | P1061: =VLOOKUP(C1061,Sheet1!$U$4:$V$14,2,FALSE) -> BH Du lịch | Q1061: =N1061 -> 65079640 | X1061: Tàu khác
A1062: =[1]Sheet1!$A$88 -> 101006 | B1062: TSC-Ban KDBH Tàu thủy | C1062: Hàng hóa | D1062: 2.8570125e+08 | N1062: 2.8570125e+08 | O1062: =VLOOKUP(A1062,Report_HQ1!$A$7:$C$95,3,FALSE) -> TSC-Ban KDBH Tàu thủy | P1062: =VLOOKUP(C1062,Sheet1!$U$4:$V$14,2,FALSE) -> BH Hàng hóa | Q1062: =N1062 -> 2.8570125e+08 | X1062: Thân tàu biển
A1063: =[1]Sheet1!$A$88 -> 101006 | B1063: TSC-Ban KDBH Tàu thủy | C1063: Thân tàu biển | D1063: 4.0833833e+08 | N1063: 4.0833833e+08 | O1063: =VLOOKUP(A1063,Report_HQ1!$A$7:$C$95,3,FALSE) -> TSC-Ban KDBH Tàu thủy | P1063: =VLOOKUP(C1063,Sheet1!$U$4:$V$14,2,FALSE) -> Hull (Thân tàu biển) | Q1063: =N1063 -> 4.0833833e+08 | X1063: P&I
A1064: =[1]Sheet1!$A$88 -> 101006 | B1064: TSC-Ban KDBH Tàu thủy | C1064: Tàu khác | D1064: 20771774 | N1064: 20771774 | O1064: =VLOOKUP(A1064,Report_HQ1!$A$7:$C$95,3,FALSE) -> TSC-Ban KDBH Tàu thủy | P1064: =VLOOKUP(C1064,Sheet1!$U$4:$V$14,2,FALSE) -> Tàu khác | Q1064: =N1064 -> 20771774 | X1064: Trách nhiệm
A1065: =[1]Sheet1!$A$88 -> 101006 | B1065: TSC-Ban KDBH Tàu thủy | C1065: Tàu khác | D1065: 62836664 | N1065: 62836664 | O1065: =VLOOKUP(A1065,Report_HQ1!$A$7:$C$95,3,FALSE) -> TSC-Ban KDBH Tàu thủy | P1065: =VLOOKUP(C1065,Sheet1!$U$4:$V$14,2,FALSE) -> Tàu khác | Q1065: =N1065 -> 62836664 | X1065: Hàng không
A1066: =[1]Sheet1!$A$88 -> 101006 | B1066: TSC-Ban KDBH Tàu thủy | C1066: P&I | D1066: 9.5940888e+08 | N1066: 9.5940888e+08 | O1066: =VLOOKUP(A1066,Report_HQ1!$A$7:$C$95,3,FALSE) -> TSC-Ban KDBH Tàu thủy | P1066: =VLOOKUP(C1066,Sheet1!$U$4:$V$14,2,FALSE) -> P&I | Q1066: =N1066 -> 9.5940888e+08 | X1066: Kỹ thuật
A1067: =[1]Sheet1!$A$88 -> 101006 | B1067: TSC-Ban KDBH Tàu thủy | C1067: Kỹ thuật | D1067: 11534870 | N1067: 11534870 | O1067: =VLOOKUP(A1067,Report_HQ1!$A$7:$C$95,3,FALSE) -> TSC-Ban KDBH Tàu thủy | P1067: =VLOOKUP(C1067,Sheet1!$U$4:$V$14,2,FALSE) -> BH Kỹ thuật | Q1067: =N1067 -> 11534870 | X1067: Tài sản
A1068: =[1]Sheet1!$A$88 -> 101006 | B1068: TSC-Ban KDBH Tàu thủy | C1068: Tài sản | D1068: 9609968.8 | N1068: 9609968.8 | O1068: =VLOOKUP(A1068,Report_HQ1!$A$7:$C$95,3,FALSE) -> TSC-Ban KDBH Tàu thủy | P1068: =VLOOKUP(C1068,Sheet1!$U$4:$V$14,2,FALSE) -> BH Tài sản | Q1068: =N1068 -> 9609968.8 | X1068: Xe cơ giới
A1069: =[1]Sheet1!$A$88 -> 101006 | B1069: TSC-Ban KDBH Tàu thủy | C1069: Trách nhiệm | D1069: 60597624 | N1069: 60597624 | O1069: =VLOOKUP(A1069,Report_HQ1!$A$7:$C$95,3,FALSE) -> TSC-Ban KDBH Tàu thủy | P1069: =VLOOKUP(C1069,Sheet1!$U$4:$V$14,2,FALSE) -> BH Trách nhiệm | Q1069: =N1069 -> 60597624 | X1069: Con người
A1070: =[1]Sheet1!$A$88 -> 101006 | B1070: TSC-Ban KDBH Tàu thủy | C1070: Xe cơ giới | D1070: 4296199 | N1070: 4296199 | O1070: =VLOOKUP(A1070,Report_HQ1!$A$7:$C$95,3,FALSE) -> TSC-Ban KDBH Tàu thủy | P1070: =VLOOKUP(C1070,Sheet1!$U$4:$V$14,2,FALSE) -> BH Xe cơ giới | Q1070: =N1070 -> 4296199 | X1070: Nông nghiệp
A1071: =[1]Sheet1!$A$88 -> 101006 | B1071: TSC-Ban KDBH Tàu thủy | C1071: Con người | D1071: 142162016 | N1071: 142162016 | O1071: =VLOOKUP(A1071,Report_HQ1!$A$7:$C$95,3,FALSE) -> TSC-Ban KDBH Tàu thủy | P1071: =VLOOKUP(C1071,Sheet1!$U$4:$V$14,2,FALSE) -> BH Con người | Q1071: =N1071 -> 142162016 | X1071: Y tế
A1072: =[1]Sheet1!$A$88 -> 101006 | B1072: TSC-Ban KDBH Tàu thủy | C1072: Y tế | D1072: 10389912 | N1072: 10389912 | O1072: =VLOOKUP(A1072,Report_HQ1!$A$7:$C$95,3,FALSE) -> TSC-Ban KDBH Tàu thủy | P1072: =VLOOKUP(C1072,Sheet1!$U$4:$V$14,2,FALSE) -> BH Y tế | Q1072: =N1072 -> 10389912 | X1072: Du lịch
A1073: =[1]Sheet1!$A$88 -> 101006 | B1073: TSC-Ban KDBH Tàu thủy | C1073: Du lịch | D1073: 3876800 | N1073: 3876800 | O1073: =VLOOKUP(A1073,Report_HQ1!$A$7:$C$95,3,FALSE) -> TSC-Ban KDBH Tàu thủy | P1073: =VLOOKUP(C1073,Sheet1!$U$4:$V$14,2,FALSE) -> BH Du lịch | Q1073: =N1073 -> 3876800 | X1073: Hàng hóa
A1074: =[1]Sheet1!$A$91 -> 101009 | B1074: TSC-Ban Khách hàng doanh nghiệp | C1074: Hàng hóa | D1074: 28506086 | N1074: 28506086 | O1074: =VLOOKUP(A1074,Report_HQ1!$A$7:$C$95,3,FALSE) -> TSC-Ban Khách hàng doanh nghiệp | P1074: =VLOOKUP(C1074,Sheet1!$U$4:$V$14,2,FALSE) -> BH Hàng hóa | Q1074: =N1074 -> 28506086 | X1074: Tàu khác
A1075: =[1]Sheet1!$A$91 -> 101009 | B1075: TSC-Ban Khách hàng doanh nghiệp | C1075: Kỹ thuật | D1075: 34593523 | N1075: 34593523 | O1075: =VLOOKUP(A1075,Report_HQ1!$A$7:$C$95,3,FALSE) -> TSC-Ban Khách hàng doanh nghiệp | P1075: =VLOOKUP(C1075,Sheet1!$U$4:$V$14,2,FALSE) -> BH Kỹ thuật | Q1075: =N1075 -> 34593523 | X1075: Thân tàu biển
A1076: =[1]Sheet1!$A$91 -> 101009 | B1076: TSC-Ban Khách hàng doanh nghiệp | C1076: Tài sản | D1076: 1.8002333e+09 | N1076: 1.8002333e+09 | O1076: =VLOOKUP(A1076,Report_HQ1!$A$7:$C$95,3,FALSE) -> TSC-Ban Khách hàng doanh nghiệp | P1076: =VLOOKUP(C1076,Sheet1!$U$4:$V$14,2,FALSE) -> BH Tài sản | Q1076: =N1076 -> 1.8002333e+09 | X1076: P&I
A1077: =[1]Sheet1!$A$91 -> 101009 | B1077: TSC-Ban Khách hàng doanh nghiệp | C1077: Trách nhiệm | D1077: 13892208 | N1077: 13892208 | O1077: =VLOOKUP(A1077,Report_HQ1!$A$7:$C$95,3,FALSE) -> TSC-Ban Khách hàng doanh nghiệp | P1077: =VLOOKUP(C1077,Sheet1!$U$4:$V$14,2,FALSE) -> BH Trách nhiệm | Q1077: =N1077 -> 13892208 | X1077: Trách nhiệm
A1078: 10100302 | B1078: TSC-Ban Kinh doanh Phi hàng hải - Phòng Allianz | C1078: Y tế | D1078: 1.2772544e+10 | N1078: 1.2772544e+10 | O1078: =VLOOKUP(A1078,Report_HQ1!$A$7:$C$95,3,FALSE) -> TSC-Ban Kinh doanh Phi hàng hải - Phòng Allianz | P1078: =VLOOKUP(C1078,Sheet1!$U$4:$V$14,2,FALSE) -> BH Y tế | Q1078: =N1078 -> 1.2772544e+10 | X1078: Hàng không
A1079: 101005 | B1079: Bảo hiểm dự án | C1079: Tài sản | D1079: =SUMIFS([2]Phoihop!$F:$F,[2]Phoihop!$A:$A,"="&[2]data!B1079,[2]Phoihop!$P:$P, "="&[2]data!C1079) -> 0 | N1079: 3.3178638e+09 | O1079: TSC-Ban BH Dự án (Non-Fronting) | P1079: =VLOOKUP(C1079,Sheet1!$U$4:$V$14,2,FALSE) -> BH Tài sản | Q1079: =N1079 -> 3.3178638e+09 | X1079: Kỹ thuật
A1080: 101005 | B1080: Bảo hiểm dự án | C1080: Kỹ thuật | D1080: =SUMIFS([2]Phoihop!$F:$F,[2]Phoihop!$A:$A,"="&[2]data!B1080,[2]Phoihop!$P:$P, "="&[2]data!C1080) -> 0 | N1080: 3.1512544e+08 | O1080: TSC-Ban BH Dự án (Non-Fronting) | P1080: =VLOOKUP(C1080,Sheet1!$U$4:$V$14,2,FALSE) -> BH Kỹ thuật | Q1080: =N1080 -> 3.1512544e+08 | X1080: Tài sản
A1081: 101005 | B1081: Bảo hiểm dự án | C1081: Trách nhiệm | D1081: =SUMIFS([2]Phoihop!$F:$F,[2]Phoihop!$A:$A,"="&[2]data!B1081,[2]Phoihop!$P:$P, "="&[2]data!C1081) -> 0 | N1081: 5.1083841e+08 | O1081: TSC-Ban BH Dự án (Non-Fronting) | P1081: =VLOOKUP(C1081,Sheet1!$U$4:$V$14,2,FALSE) -> BH Trách nhiệm | Q1081: =N1081 -> 5.1083841e+08 | X1081: Xe cơ giới
A1082: 101005 | B1082: Bảo hiểm dự án | C1082: Hàng hóa | D1082: =SUMIFS([2]Phoihop!$F:$F,[2]Phoihop!$A:$A,"="&[2]data!B1082,[2]Phoihop!$P:$P, "="&[2]data!C1082) -> 0 | N1082: 8.9815156e+08 | O1082: TSC-Ban BH Dự án (Non-Fronting) | P1082: =VLOOKUP(C1082,Sheet1!$U$4:$V$14,2,FALSE) -> BH Hàng hóa | Q1082: =N1082 -> 8.9815156e+08 | X1082: Con người
A1083: 101005 | B1083: Bảo hiểm dự án | C1083: Y tế | D1083: =SUMIFS([2]Phoihop!$F:$F,[2]Phoihop!$A:$A,"="&[2]data!B1083,[2]Phoihop!$P:$P, "="&[2]data!C1083) -> 0 | N1083: 10035689 | O1083: TSC-Ban BH Dự án (Non-Fronting) | P1083: =VLOOKUP(C1083,Sheet1!$U$4:$V$14,2,FALSE) -> BH Y tế | Q1083: =N1083 -> 10035689 | X1083: Nông nghiệp
A1084: =[1]Sheet1!$A$91 -> 101009 | B1084: KHDN | C1084: Kỹ thuật | D1084: =SUMIFS([2]Phoihop!$F:$F,[2]Phoihop!$A:$A,"="&[2]data!B1084,[2]Phoihop!$P:$P, "="&[2]data!C1084) -> 0 | N1084: 3.2864516e+08 | O1084: =VLOOKUP(A1084,Report_HQ1!$A$7:$C$95,3,FALSE) -> TSC-Ban Khách hàng doanh nghiệp | P1084: =VLOOKUP(C1084,Sheet1!$U$4:$V$14,2,FALSE) -> BH Kỹ thuật | Q1084: =N1084 -> 3.2864516e+08 | X1084: Y tế
A1085: =[1]Sheet1!$A$91 -> 101009 | B1085: KHDN | C1085: Tài sản | D1085: =SUMIFS([2]Phoihop!$F:$F,[2]Phoihop!$A:$A,"="&[2]data!B1085,[2]Phoihop!$P:$P, "="&[2]data!C1085) -> 0 | N1085: 5.5608295e+09 | O1085: =VLOOKUP(A1085,Report_HQ1!$A$7:$C$95,3,FALSE) -> TSC-Ban Khách hàng doanh nghiệp | P1085: =VLOOKUP(C1085,Sheet1!$U$4:$V$14,2,FALSE) -> BH Tài sản | Q1085: =N1085 -> 5.5608295e+09 | X1085: Du lịch
A1086: =[1]Sheet1!$A$91 -> 101009 | B1086: KHDN | C1086: Xe cơ giới | D1086: =SUMIFS([2]Phoihop!$F:$F,[2]Phoihop!$A:$A,"="&[2]data!B1086,[2]Phoihop!$P:$P, "="&[2]data!C1086) -> 0 | N1086: 5699250 | O1086: =VLOOKUP(A1086,Report_HQ1!$A$7:$C$95,3,FALSE) -> TSC-Ban Khách hàng doanh nghiệp | P1086: =VLOOKUP(C1086,Sheet1!$U$4:$V$14,2,FALSE) -> BH Xe cơ giới | Q1086: =N1086 -> 5699250 | X1086: Hàng hóa
A1087: =[1]Sheet1!$A$91 -> 101009 | B1087: KHDN | C1087: Trách nhiệm | D1087: =SUMIFS([2]Phoihop!$F:$F,[2]Phoihop!$A:$A,"="&[2]data!B1087,[2]Phoihop!$P:$P, "="&[2]data!C1087) -> 0 | N1087: 29269478 | O1087: =VLOOKUP(A1087,Report_HQ1!$A$7:$C$95,3,FALSE) -> TSC-Ban Khách hàng doanh nghiệp | P1087: =VLOOKUP(C1087,Sheet1!$U$4:$V$14,2,FALSE) -> BH Trách nhiệm | Q1087: =N1087 -> 29269478 | X1087: Tàu khác
A1088: =[1]Sheet1!$A$91 -> 101009 | B1088: KHDN | C1088: Hàng hóa | D1088: =SUMIFS([2]Phoihop!$F:$F,[2]Phoihop!$A:$A,"="&[2]data!B1088,[2]Phoihop!$P:$P, "="&[2]data!C1088) -> 0 | N1088: 2.2076257e+08 | O1088: =VLOOKUP(A1088,Report_HQ1!$A$7:$C$95,3,FALSE) -> TSC-Ban Khách hàng doanh nghiệp | P1088: =VLOOKUP(C1088,Sheet1!$U$4:$V$14,2,FALSE) -> BH Hàng hóa | Q1088: =N1088 -> 2.2076257e+08 | X1088: Thân tàu biển
X1089: P&I
X1090: Trách nhiệm
X1091: Hàng không
X1092: Kỹ thuật
X1093: Tài sản
X1094: Xe cơ giới
X1095: Con người
X1096: Nông nghiệp
X1097: Y tế
X1098: Du lịch
X1099: Hàng hóa
X1100: Tàu khác
... X2047: Du lịch

Sheet HQ1
C1: =SUBTOTAL(9,C3:C438) -> 4089825555492 | D1: =SUBTOTAL(9,D3:D438) -> 1743056668390 | E1: =SUBTOTAL(9,E3:E438) -> 1.4436664e+11 | F1: =SUBTOTAL(9,F3:F438) -> -4.239173e+10 | G1: =SUBTOTAL(9,G3:G438) -> 1.035942e+12 | H1: =SUBTOTAL(9,H3:H438) -> 1.2269477e+11 | I1: =SUBTOTAL(9,I3:I438) -> 1.0861572e+12 | J1: =SUBTOTAL(9,J3:J438) -> 2127168420
A2: Đơn vị | B2: product_lob | C2: Doanh thu | D2: Bồi thường | E2: Dự phòng phí | F2: Chênh lệch Dự phòng bồi thường | G2: Chi phí định mức | H2: Dự phòng IBNR | I2: Hiệu quả quy ước | J2: Phí giám định | L2: loss_Ratio | M2: check_cp | N2: =SUM(N3:N435) -> 2.4865677
A3: BV An Giang | B3: Total | C3: 17997611630 | D3: 10603107216 | E3: -1.6386976e+09 | F3: 1048281496 | G3: 6395881276 | H3: 5.3992835e+08 | I3: 1.0491109e+09 | J3: =SUMIFS(PGĐ!$H:$H,PGĐ!$F:$F, "="&B3, PGĐ!$I:$I, "="&'HQ1'!A3) -> 0 | L3: =(D3+F3)/(C3-E3) -> 0.5933594 | M3: =SUMIFS(ĐMCP!$Q:$Q,ĐMCP!$P:$P, "="&'HQ1'!B3,ĐMCP!$O:$O, "="&'HQ1'!A3) -> 0 | N3: =IF(M3=0,0,G3-M3) -> 0
A4: BV An Giang | B4: BH Con người | C4: 8390624609 | D4: 7008590701 | E4: -1.8504997e+09 | F4: -1000000 | G4: 2550808267 | H4: 2.5171874e+08 | I4: 4.3100656e+08 | J4: =SUMIFS(PGĐ!$H:$H,PGĐ!$F:$F, "="&B4, PGĐ!$I:$I, "="&'HQ1'!A4) -> 1400000 | L4: =(D4+F4)/(C4-E4) -> 0.6842599 | M4: =SUMIFS(ĐMCP!$Q:$Q,ĐMCP!$P:$P, "="&'HQ1'!B4,ĐMCP!$O:$O, "="&'HQ1'!A4) -> 2.5508083e+09 | N4: =IF(M4=0,0,G4-M4) -> -0.077084541
A5: BV An Giang | B5: BH Du lịch | C5: 126606400 | E5: 1575980 | G5: 60591638 | H5: 3798192 | I5: 60640590 | J5: =SUMIFS(PGĐ!$H:$H,PGĐ!$F:$F, "="&B5, PGĐ!$I:$I, "="&'HQ1'!A5) -> 0 | L5: =(D5+F5)/(C5-E5) -> 0 | M5: =SUMIFS(ĐMCP!$Q:$Q,ĐMCP!$P:$P, "="&'HQ1'!B5,ĐMCP!$O:$O, "="&'HQ1'!A5) -> 60591638 | N5: =IF(M5=0,0,G5-M5) -> -0.29325236
A6: BV An Giang | B6: BH Xe cơ giới | C6: 7434905971 | D6: 3491094304 | E6: -2.5140129e+08 | F6: 1127614770 | G6: 2796640820 | H6: 2.2304718e+08 | I6: 47910184 | J6: =SUMIFS(PGĐ!$H:$H,PGĐ!$F:$F, "="&B6, PGĐ!$I:$I, "="&'HQ1'!A6) -> 60100000 | L6: =(D6+F6)/(C6-E6) -> 0.60090092 | M6: =SUMIFS(ĐMCP!$Q:$Q,ĐMCP!$P:$P, "="&'HQ1'!B6,ĐMCP!$O:$O, "="&'HQ1'!A6) -> 2.7966408e+09 | N6: =IF(M6=0,0,G6-M6) -> -0.24939156
A7: BV An Giang | B7: BH Y tế | C7: 2045474650 | D7: 103422211 | E7: 4.6162733e+08 | F7: -78333274 | G7: 987840551 | H7: 61364240 | I7: 509553593 | J7: =SUMIFS(PGĐ!$H:$H,PGĐ!$F:$F, "="&B7, PGĐ!$I:$I, "="&'HQ1'!A7) -> 0 | L7: =(D7+F7)/(C7-E7) -> 0.015840502 | M7: =SUMIFS(ĐMCP!$Q:$Q,ĐMCP!$P:$P, "="&'HQ1'!B7,ĐMCP!$O:$O, "="&'HQ1'!A7) -> 9.8784055e+08 | N7: =IF(M7=0,0,G7-M7) -> 0.032685757
A8: BV An Phú | B8: Total | C8: 31933573654 | D8: 11094434700 | E8: 1.5662355e+09 | F8: 1773266225 | G8: 10106489937 | H8: 9.5800721e+08 | I8: 6.4351401e+09 | J8: =SUMIFS(PGĐ!$H:$H,PGĐ!$F:$F, "="&B8, PGĐ!$I:$I, "="&'HQ1'!A8) -> 0 | L8: =(D8+F8)/(C8-E8) -> 0.4237349 | M8: =SUMIFS(ĐMCP!$Q:$Q,ĐMCP!$P:$P, "="&'HQ1'!B8,ĐMCP!$O:$O, "="&'HQ1'!A8) -> 0 | N8: =IF(M8=0,0,G8-M8) -> 0
A9: BV An Phú | B9: BH Con người | C9: 1687239421 | D9: 47545756 | E9: 150733813 | G9: 959254819 | H9: 50617183 | I9: 4.7908785e+08 | J9: =SUMIFS(PGĐ!$H:$H,PGĐ!$F:$F, "="&B9, PGĐ!$I:$I, "="&'HQ1'!A9) -> 0 | L9: =(D9+F9)/(C9-E9) -> 0.030944082 | M9: =SUMIFS(ĐMCP!$Q:$Q,ĐMCP!$P:$P, "="&'HQ1'!B9,ĐMCP!$O:$O, "="&'HQ1'!A9) -> 9.5925482e+08 | N9: =IF(M9=0,0,G9-M9) -> -0.44147825
A10: BV An Phú | B10: BH Du lịch | C10: 156914000 | E10: 2432700 | G10: 78574855 | H10: 4707420 | I10: 71199025 | J10: =SUMIFS(PGĐ!$H:$H,PGĐ!$F:$F, "="&B10, PGĐ!$I:$I, "="&'HQ1'!A10) -> 0 | L10: =(D10+F10)/(C10-E10) -> 0 | M10: =SUMIFS(ĐMCP!$Q:$Q,ĐMCP!$P:$P, "="&'HQ1'!B10,ĐMCP!$O:$O, "="&'HQ1'!A10) -> 78574855 | N10: =IF(M10=0,0,G10-M10) -> 0.0029854625
A11: BV An Phú | B11: BH Xe cơ giới | C11: 18250604644 | D11: 7449408983 | E11: 1.1760425e+09 | F11: 2045080263 | G11: 5627566427 | H11: 5.4751814e+08 | I11: 1.4049883e+09 | J11: =SUMIFS(PGĐ!$H:$H,PGĐ!$F:$F, "="&B11, PGĐ!$I:$I, "="&'HQ1'!A11) -> 86600000 | L11: =(D11+F11)/(C11-E11) -> 0.55606048 | M11: =SUMIFS(ĐMCP!$Q:$Q,ĐMCP!$P:$P, "="&'HQ1'!B11,ĐMCP!$O:$O, "="&'HQ1'!A11) -> 5.6275664e+09 | N11: =IF(M11=0,0,G11-M11) -> 0.3789463
A12: BV An Phú | B12: BH Y tế | C12: 11838815589 | D12: 3597479961 | E12: 2.3702648e+08 | F12: -271814038 | G12: 3441093836 | H12: 3.5516447e+08 | I12: 4.4798649e+09 | J12: =SUMIFS(PGĐ!$H:$H,PGĐ!$F:$F, "="&B12, PGĐ!$I:$I, "="&'HQ1'!A12) -> 0 | L12: =(D12+F12)/(C12-E12) -> 0.28665113 | M12: =SUMIFS(ĐMCP!$Q:$Q,ĐMCP!$P:$P, "="&'HQ1'!B12,ĐMCP!$O:$O, "="&'HQ1'!A12) -> 3.4410938e+09 | N12: =IF(M12=0,0,G12-M12) -> 0.25781345
A13: BV Bà Rịa - Vũng Tàu | B13: Total | C13: 9046686799 | D13: 2275267009 | E13: -1.0581486e+09 | F13: -2.4786653e+09 | G13: 1864310816 | H13: 2.714006e+08 | I13: 8.1725223e+09 | J13: =SUMIFS(PGĐ!$H:$H,PGĐ!$F:$F, "="&B13, PGĐ!$I:$I, "="&'HQ1'!A13) -> 0 | L13: =(D13+F13)/(C13-E13) -> -0.020128808 | M13: =SUMIFS(ĐMCP!$Q:$Q,ĐMCP!$P:$P, "="&'HQ1'!B13,ĐMCP!$O:$O, "="&'HQ1'!A13) -> 0 | N13: =IF(M13=0,0,G13-M13) -> 0
A14: BV Bà Rịa - Vũng Tàu | B14: BH Con người | C14: 1061859078 | D14: 354027335 | E14: -48004168 | F14: -2444550117 | G14: 382649288 | H14: 31855772 | I14: 2.785881e+09 | J14: =SUMIFS(PGĐ!$H:$H,PGĐ!$F:$F, "="&B14, PGĐ!$I:$I, "="&'HQ1'!A14) -> 0 | L14: =(D14+F14)/(C14-E14) -> -1.8835859 | M14: =SUMIFS(ĐMCP!$Q:$Q,ĐMCP!$P:$P, "="&'HQ1'!B14,ĐMCP!$O:$O, "="&'HQ1'!A14) -> 3.8264929e+08 | N14: =IF(M14=0,0,G14-M14) -> -0.17426032
A15: BV Bà Rịa - Vũng Tàu | B15: BH Du lịch | C15: 29762150 | D15: 13541500 | E15: -1176501976 | G15: 230051513 | H15: 892864.5 | I15: 9.6177825e+08 | J15: =SUMIFS(PGĐ!$H:$H,PGĐ!$F:$F, "="&B15, PGĐ!$I:$I, "="&'HQ1'!A15) -> 0 | L15: =(D15+F15)/(C15-E15) -> 0.011225983 | M15: =SUMIFS(ĐMCP!$Q:$Q,ĐMCP!$P:$P, "="&'HQ1'!B15,ĐMCP!$O:$O, "="&'HQ1'!A15) -> 2.3005151e+08 | N15: =IF(M15=0,0,G15-M15) -> 0.12283561
A16: BV Bà Rịa - Vũng Tàu | B16: BH Xe cơ giới | C16: 1233356071 | D16: 453298004 | E16: -32431346 | F16: -66021647 | G16: 424115077 | H16: 37000682 | I16: 4.173953e+08 | J16: =SUMIFS(PGĐ!$H:$H,PGĐ!$F:$F, "="&B16, PGĐ!$I:$I, "="&'HQ1'!A16) -> -6250000 | L16: =(D16+F16)/(C16-E16) -> 0.30595687 | M16: =SUMIFS(ĐMCP!$Q:$Q,ĐMCP!$P:$P, "="&'HQ1'!B16,ĐMCP!$O:$O, "="&'HQ1'!A16) -> 4.2411508e+08 | N16: =IF(M16=0,0,G16-M16) -> 0.46218389
A17: BV Bà Rịa - Vũng Tàu | B17: BH Y tế | C17: 6721709500 | D17: 1454400170 | E17: 1.9878891e+08 | F17: 31906459 | G17: 827494938 | H17: 201651285 | I17: 4.0074677e+09 | J17: =SUMIFS(PGĐ!$H:$H,PGĐ!$F:$F, "="&B17, PGĐ!$I:$I, "="&'HQ1'!A17) -> 0 | L17: =(D17+F17)/(C17-E17) -> 0.22785907 | M17: =SUMIFS(ĐMCP!$Q:$Q,ĐMCP!$P:$P, "="&'HQ1'!B17,ĐMCP!$O:$O, "="&'HQ1'!A17) -> 8.2749494e+08 | N17: =IF(M17=0,0,G17-M17) -> -0.33046532
A18: BV Bắc Cạn | B18: Total | C18: 1385081499 | D18: 469612517 | E18: -40269906 | F18: 102007158 | G18: 577988942 | H18: 41552445 | I18: 2.3419034e+08 | J18: =SUMIFS(PGĐ!$H:$H,PGĐ!$F:$F, "="&B18, PGĐ!$I:$I, "="&'HQ1'!A18) -> 0 | L18: =(D18+F18)/(C18-E18) -> 0.40103772 | M18: =SUMIFS(ĐMCP!$Q:$Q,ĐMCP!$P:$P, "="&'HQ1'!B18,ĐMCP!$O:$O, "="&'HQ1'!A18) -> 0 | N18: =IF(M18=0,0,G18-M18) -> 0
A19: BV Bắc Cạn | B19: BH Con người | C19: 453262400 | D19: 451485810 | E19: -99590750 | F19: -43550000 | G19: 157416205 | H19: 13597872 | I19: -26096737 | J19: =SUMIFS(PGĐ!$H:$H,PGĐ!$F:$F, "="&B19, PGĐ!$I:$I, "="&'HQ1'!A19) -> 0 | L19: =(D19+F19)/(C19-E19) -> 0.73787372 | M19: =SUMIFS(ĐMCP!$Q:$Q,ĐMCP!$P:$P, "="&'HQ1'!B19,ĐMCP!$O:$O, "="&'HQ1'!A19) -> 1.5741621e+08 | N19: =IF(M19=0,0,G19-M19) -> -0.22606826
A20: BV Bắc Cạn | B20: BH Du lịch | C20: 18601000 | E20: -3784000 | G20: 29074302 | H20: 558030 | I20: -7247332 | J20: =SUMIFS(PGĐ!$H:$H,PGĐ!$F:$F, "="&B20, PGĐ!$I:$I, "="&'HQ1'!A20) -> 0 | L20: =(D20+F20)/(C20-E20) -> 0 | M20: =SUMIFS(ĐMCP!$Q:$Q,ĐMCP!$P:$P, "="&'HQ1'!B20,ĐMCP!$O:$O, "="&'HQ1'!A20) -> 29074302 | N20: =IF(M20=0,0,G20-M20) -> -0.34805895
A21: BV Bắc Cạn | B21: BH Xe cơ giới | C21: 860684099 | D21: 18126707 | E21: 55651368 | F21: 145994658 | G21: 368356503 | H21: 25820523 | I21: 2.4673434e+08 | J21: =SUMIFS(PGĐ!$H:$H,PGĐ!$F:$F, "="&B21, PGĐ!$I:$I, "="&'HQ1'!A21) -> 0 | L21: =(D21+F21)/(C21-E21) -> 0.20386918 | M21: =SUMIFS(ĐMCP!$Q:$Q,ĐMCP!$P:$P, "="&'HQ1'!B21,ĐMCP!$O:$O, "="&'HQ1'!A21) -> 3.683565e+08 | N21: =IF(M21=0,0,G21-M21) -> -0.26946712
A22: BV Bắc Cạn | B22: BH Y tế | C22: 52534000 | E22: 7453476 | F22: -437500 | G22: 23141932 | H22: 1576020 | I22: 20800072 | J22: =SUMIFS(PGĐ!$H:$H,PGĐ!$F:$F, "="&B22, PGĐ!$I:$I, "="&'HQ1'!A22) -> 0 | L22: =(D22+F22)/(C22-E22) -> -0.0097048561 | M22: =SUMIFS(ĐMCP!$Q:$Q,ĐMCP!$P:$P, "="&'HQ1'!B22,ĐMCP!$O:$O, "="&'HQ1'!A22) -> 23141932 | N22: =IF(M22=0,0,G22-M22) -> 0.45940747
A23: BV Bắc Giang | B23: Total | C23: 14133840902 | D23: 6729160693 | E23: 5.1479354e+08 | F23: 1144334428 | G23: 4947133563 | H23: 4.2401523e+08 | I23: 3.7440345e+08 | J23: =SUMIFS(PGĐ!$H:$H,PGĐ!$F:$F, "="&B23, PGĐ!$I:$I, "="&'HQ1'!A23) -> 0 | L23: =(D23+F23)/(C23-E23) -> 0.57812378 | M23: =SUMIFS(ĐMCP!$Q:$Q,ĐMCP!$P:$P, "="&'HQ1'!B23,ĐMCP!$O:$O, "="&'HQ1'!A23) -> 0 | N23: =IF(M23=0,0,G23-M23) -> 0
A24: BV Bắc Giang | B24: BH Con người | C24: 6257542029 | D24: 4869786700 | E24: 32051732 | G24: 2091856771 | H24: 1.8772626e+08 | I24: -9.2387944e+08 | J24: =SUMIFS(PGĐ!$H:$H,PGĐ!$F:$F, "="&B24, PGĐ!$I:$I, "="&'HQ1'!A24) -> 0 | L24: =(D24+F24)/(C24-E24) -> 0.78223344 | M24: =SUMIFS(ĐMCP!$Q:$Q,ĐMCP!$P:$P, "="&'HQ1'!B24,ĐMCP!$O:$O, "="&'HQ1'!A24) -> 2.0918568e+09 | N24: =IF(M24=0,0,G24-M24) -> -0.091286898
A25: BV Bắc Giang | B25: BH Du lịch | C25: 89377700 | E25: 3973670 | G25: 51027471 | H25: 2681331 | I25: 31695228 | J25: =SUMIFS(PGĐ!$H:$H,PGĐ!$F:$F, "="&B25, PGĐ!$I:$I, "="&'HQ1'!A25) -> 0 | L25: =(D25+F25)/(C25-E25) -> 0 | M25: =SUMIFS(ĐMCP!$Q:$Q,ĐMCP!$P:$P, "="&'HQ1'!B25,ĐMCP!$O:$O, "="&'HQ1'!A25) -> 51027471 | N25: =IF(M25=0,0,G25-M25) -> -0.099168643
A26: BV Bắc Giang | B26: BH Xe cơ giới | C26: 7257132209 | D26: 1639551006 | E26: 4.3983826e+08 | F26: 1189161644 | G26: 2578089130 | H26: 2.1771397e+08 | I26: 1.1927782e+09 | J26: =SUMIFS(PGĐ!$H:$H,PGĐ!$F:$F, "="&B26, PGĐ!$I:$I, "="&'HQ1'!A26) -> -6150000 | L26: =(D26+F26)/(C26-E26) -> 0.41493189 | M26: =SUMIFS(ĐMCP!$Q:$Q,ĐMCP!$P:$P, "="&'HQ1'!B26,ĐMCP!$O:$O, "="&'HQ1'!A26) -> 2.5780891e+09 | N26: =IF(M26=0,0,G26-M26) -> 0.080152512
A27: BV Bắc Giang | B27: BH Y tế | C27: 529788964 | D27: 219822987 | E27: 38929880 | F27: -44827216 | G27: 226160191 | H27: 15893669 | I27: 73809453 | J27: =SUMIFS(PGĐ!$H:$H,PGĐ!$F:$F, "="&B27, PGĐ!$I:$I, "="&'HQ1'!A27) -> 0 | L27: =(D27+F27)/(C27-E27) -> 0.35650918 | M27: =SUMIFS(ĐMCP!$Q:$Q,ĐMCP!$P:$P, "="&'HQ1'!B27,ĐMCP!$O:$O, "="&'HQ1'!A27) -> 2.2616019e+08 | N27: =IF(M27=0,0,G27-M27) -> 0.37836388
A28: BV Bạc Liêu | B28: Total | C28: 4987676698 | D28: 2124788007 | E28: 1.032966e+08 | F28: -89889622 | G28: 1882168662 | H28: 1.496303e+08 | I28: 8.1768275e+08 | J28: =SUMIFS(PGĐ!$H:$H,PGĐ!$F:$F, "="&B28, PGĐ!$I:$I, "="&'HQ1'!A28) -> 0 | L28: =(D28+F28)/(C28-E28) -> 0.41661344 | M28: =SUMIFS(ĐMCP!$Q:$Q,ĐMCP!$P:$P, "="&'HQ1'!B28,ĐMCP!$O:$O, "="&'HQ1'!A28) -> 0 | N28: =IF(M28=0,0,G28-M28) -> 0
A29: BV Bạc Liêu | B29: BH Con người | C29: 593082550 | D29: 734299300 | E29: -81594769 | F29: -10000000 | G29: 175195548 | H29: 17792476 | I29: -2.4261001e+08 | J29: =SUMIFS(PGĐ!$H:$H,PGĐ!$F:$F, "="&B29, PGĐ!$I:$I, "="&'HQ1'!A29) -> 0 | L29: =(D29+F29)/(C29-E29) -> 1.0735492 | M29: =SUMIFS(ĐMCP!$Q:$Q,ĐMCP!$P:$P, "="&'HQ1'!B29,ĐMCP!$O:$O, "="&'HQ1'!A29) -> 1.7519555e+08 | N29: =IF(M29=0,0,G29-M29) -> -0.05597803
A30: BV Bạc Liêu | B30: BH Du lịch | C30: 329586840 | E30: 27687684 | G30: 180718767 | H30: 9887605.2 | I30: 1.1129278e+08 | J30: =SUMIFS(PGĐ!$H:$H,PGĐ!$F:$F, "="&B30, PGĐ!$I:$I, "="&'HQ1'!A30) -> 0 | L30: =(D30+F30)/(C30-E30) -> 0 | M30: =SUMIFS(ĐMCP!$Q:$Q,ĐMCP!$P:$P, "="&'HQ1'!B30,ĐMCP!$O:$O, "="&'HQ1'!A30) -> 1.8071877e+08 | N30: =IF(M30=0,0,G30-M30) -> -0.33818209
A31: BV Bạc Liêu | B31: BH Xe cơ giới | C31: 3558196380 | D31: 1351470260 | E31: 59572610 | F31: -58233715 | G31: 1326837630 | H31: 1.0674589e+08 | I31: 7.718037e+08 | J31: =SUMIFS(PGĐ!$H:$H,PGĐ!$F:$F, "="&B31, PGĐ!$I:$I, "="&'HQ1'!A31) -> 24750000 | L31: =(D31+F31)/(C31-E31) -> 0.3696415 | M31: =SUMIFS(ĐMCP!$Q:$Q,ĐMCP!$P:$P, "="&'HQ1'!B31,ĐMCP!$O:$O, "="&'HQ1'!A31) -> 1.3268376e+09 | N31: =IF(M31=0,0,G31-M31) -> -0.32580566
A32: BV Bạc Liêu | B32: BH Y tế | C32: 506810928 | D32: 39018447 | E32: 97631077 | F32: -21655907 | G32: 199416717 | H32: 15204328 | I32: 1.7719627e+08 | J32: =SUMIFS(PGĐ!$H:$H,PGĐ!$F:$F, "="&B32, PGĐ!$I:$I, "="&'HQ1'!A32) -> 0 | L32: =(D32+F32)/(C32-E32) -> 0.042432539 | M32: =SUMIFS(ĐMCP!$Q:$Q,ĐMCP!$P:$P, "="&'HQ1'!B32,ĐMCP!$O:$O, "="&'HQ1'!A32) -> 1.9941672e+08 | N32: =IF(M32=0,0,G32-M32) -> 0.44084594
A33: BV Bắc Ninh | B33: Total | C33: 12392812129 | D33: 7679741272 | E33: 1.1004933e+08 | F33: -2.5696707e+08 | G33: 4014127305 | H33: 3.7178436e+08 | I33: 4.7407692e+08 | J33: =SUMIFS(PGĐ!$H:$H,PGĐ!$F:$F, "="&B33, PGĐ!$I:$I, "="&'HQ1'!A33) -> 0 | L33: =(D33+F33)/(C33-E33) -> 0.60432448 | M33: =SUMIFS(ĐMCP!$Q:$Q,ĐMCP!$P:$P, "="&'HQ1'!B33,ĐMCP!$O:$O, "="&'HQ1'!A33) -> 0 | N33: =IF(M33=0,0,G33-M33) -> 0
A34: BV Bắc Ninh | B34: BH Con người | C34: 2901313612 | D34: 4074020811 | E34: -2.0345488e+08 | F34: -592809000 | G34: 953065466 | H34: 87039408 | I34: -1.4165482e+09 | J34: =SUMIFS(PGĐ!$H:$H,PGĐ!$F:$F, "="&B34, PGĐ!$I:$I, "="&'HQ1'!A34) -> 0 | L34: =(D34+F34)/(C34-E34) -> 1.1212468 | M34: =SUMIFS(ĐMCP!$Q:$Q,ĐMCP!$P:$P, "="&'HQ1'!B34,ĐMCP!$O:$O, "="&'HQ1'!A34) -> 9.5306547e+08 | N34: =IF(M34=0,0,G34-M34) -> 0.14513147
A35: BV Bắc Ninh | B35: BH Du lịch | C35: 91247000 | E35: 2550173 | G35: 48317372 | H35: 2737410 | I35: 37642045 | J35: =SUMIFS(PGĐ!$H:$H,PGĐ!$F:$F, "="&B35, PGĐ!$I:$I, "="&'HQ1'!A35) -> 0 | L35: =(D35+F35)/(C35-E35) -> 0 | M35: =SUMIFS(ĐMCP!$Q:$Q,ĐMCP!$P:$P, "="&'HQ1'!B35,ĐMCP!$O:$O, "="&'HQ1'!A35) -> 48317372 | N35: =IF(M35=0,0,G35-M35) -> 0.23314493
A36: BV Bắc Ninh | B36: BH Xe cơ giới | C36: 7380521197 | D36: 3107539082 | E36: 1.6900579e+08 | F36: 3.5782651e+08 | G36: 2526042432 | H36: 2.2141564e+08 | I36: 9.9869175e+08 | J36: =SUMIFS(PGĐ!$H:$H,PGĐ!$F:$F, "="&B36, PGĐ!$I:$I, "="&'HQ1'!A36) -> 15600000 | L36: =(D36+F36)/(C36-E36) -> 0.48053223 | M36: =SUMIFS(ĐMCP!$Q:$Q,ĐMCP!$P:$P, "="&'HQ1'!B36,ĐMCP!$O:$O, "="&'HQ1'!A36) -> 2.5260424e+09 | N36: =IF(M36=0,0,G36-M36) -> 0.0047850609
A37: BV Bắc Ninh | B37: BH Y tế | C37: 2019730320 | D37: 498181379 | E37: 141948252 | F37: -21984575 | G37: 486702035 | H37: 60591910 | I37: 8.5429132e+08 | J37: =SUMIFS(PGĐ!$H:$H,PGĐ!$F:$F, "="&B37, PGĐ!$I:$I, "="&'HQ1'!A37) -> 0 | L37: =(D37+F37)/(C37-E37) -> 0.25359535 | M37: =SUMIFS(ĐMCP!$Q:$Q,ĐMCP!$P:$P, "="&'HQ1'!B37,ĐMCP!$O:$O, "="&'HQ1'!A37) -> 4.8670203e+08 | N37: =IF(M37=0,0,G37-M37) -> 0.4312728
A38: BV Bến Thành | B38: Total | C38: 16408234629 | D38: 5588936152 | E38: 3.8610112e+08 | F38: 55742104 | G38: 5535744611 | H38: 4.9224704e+08 | I38: 4.3494636e+09 | J38: =SUMIFS(PGĐ!$H:$H,PGĐ!$F:$F, "="&B38, PGĐ!$I:$I, "="&'HQ1'!A38) -> 0 | L38: =(D38+F38)/(C38-E38) -> 0.35230503 | M38: =SUMIFS(ĐMCP!$Q:$Q,ĐMCP!$P:$P, "="&'HQ1'!B38,ĐMCP!$O:$O, "="&'HQ1'!A38) -> 0 | N38: =IF(M38=0,0,G38-M38) -> 0
A39: BV Bến Thành | B39: BH Con người | C39: 402175468 | D39: 47563774 | E39: -12295424 | F39: 65306983 | G39: 170532227 | H39: 12065264 | I39: 1.1900264e+08 | J39: =SUMIFS(PGĐ!$H:$H,PGĐ!$F:$F, "="&B39, PGĐ!$I:$I, "="&'HQ1'!A39) -> 0 | L39: =(D39+F39)/(C39-E39) -> 0.27232493 | M39: =SUMIFS(ĐMCP!$Q:$Q,ĐMCP!$P:$P, "="&'HQ1'!B39,ĐMCP!$O:$O, "="&'HQ1'!A39) -> 1.7053223e+08 | N39: =IF(M39=0,0,G39-M39) -> -0.1810607
A40: BV Bến Thành | B40: BH Du lịch | C40: 198955000 | D40: 1148690 | E40: -221416 | F40: -470366 | G40: 106064620 | H40: 5968650 | I40: 86464822 | J40: =SUMIFS(PGĐ!$H:$H,PGĐ!$F:$F, "="&B40, PGĐ!$I:$I, "="&'HQ1'!A40) -> 0 | L40: =(D40+F40)/(C40-E40) -> 0.0034056442 | M40: =SUMIFS(ĐMCP!$Q:$Q,ĐMCP!$P:$P, "="&'HQ1'!B40,ĐMCP!$O:$O, "="&'HQ1'!A40) -> 1.0606462e+08 | N40: =IF(M40=0,0,G40-M40) -> -0.35038096
A41: BV Bến Thành | B41: BH Xe cơ giới | C41: 5612027288 | D41: 2034155612 | E41: 22927838 | F41: 9063696 | G41: 1974678061 | H41: 1.6836082e+08 | I41: 1.4028413e+09 | J41: =SUMIFS(PGĐ!$H:$H,PGĐ!$F:$F, "="&B41, PGĐ!$I:$I, "="&'HQ1'!A41) -> 18000000 | L41: =(D41+F41)/(C41-E41) -> 0.36557219 | M41: =SUMIFS(ĐMCP!$Q:$Q,ĐMCP!$P:$P, "="&'HQ1'!B41,ĐMCP!$O:$O, "="&'HQ1'!A41) -> 1.9746781e+09 | N41: =IF(M41=0,0,G41-M41) -> 0.025372744
A42: BV Bến Thành | B42: BH Y tế | C42: 10195076873 | D42: 3506068076 | E42: 3.7569012e+08 | F42: -18158209 | G42: 3284469703 | H42: 3.0585231e+08 | I42: 2.7411549e+09 | J42: =SUMIFS(PGĐ!$H:$H,PGĐ!$F:$F, "="&B42, PGĐ!$I:$I, "="&'HQ1'!A42) -> 0 | L42: =(D42+F42)/(C42-E42) -> 0.35520649 | M42: =SUMIFS(ĐMCP!$Q:$Q,ĐMCP!$P:$P, "="&'HQ1'!B42,ĐMCP!$O:$O, "="&'HQ1'!A42) -> 3.2844697e+09 | N42: =IF(M42=0,0,G42-M42) -> -0.025104046
A43: BV Bến Tre | B43: Total | C43: 3637715604 | D43: 5049136420 | E43: 1.2062351e+08 | F43: 4.0550682e+08 | G43: 1753013177 | H43: 1.0913147e+08 | I43: -3.7996958e+09 | J43: =SUMIFS(PGĐ!$H:$H,PGĐ!$F:$F, "="&B43, PGĐ!$I:$I, "="&'HQ1'!A43) -> 0 | L43: =(D43+F43)/(C43-E43) -> 1.5508958 | M43: =SUMIFS(ĐMCP!$Q:$Q,ĐMCP!$P:$P, "="&'HQ1'!B43,ĐMCP!$O:$O, "="&'HQ1'!A43) -> 0 | N43: =IF(M43=0,0,G43-M43) -> 0
A44: BV Bến Tre | B44: BH Con người | C44: 1612036300 | D44: 4629007000 | E44: 8343627.2 | F44: 37145533 | G44: 649886071 | H44: 48361089 | I44: -3.760707e+09 | J44: =SUMIFS(PGĐ!$H:$H,PGĐ!$F:$F, "="&B44, PGĐ!$I:$I, "="&'HQ1'!A44) -> 1250000 | L44: =(D44+F44)/(C44-E44) -> 2.9096301 | M44: =SUMIFS(ĐMCP!$Q:$Q,ĐMCP!$P:$P, "="&'HQ1'!B44,ĐMCP!$O:$O, "="&'HQ1'!A44) -> 6.4988607e+08 | N44: =IF(M44=0,0,G44-M44) -> -0.32981658
A45: BV Bến Tre | B45: BH Du lịch | C45: 13748400 | E45: -487160 | G45: 8605722 | H45: 412452 | I45: 5217386 | J45: =SUMIFS(PGĐ!$H:$H,PGĐ!$F:$F, "="&B45, PGĐ!$I:$I, "="&'HQ1'!A45) -> 0 | L45: =(D45+F45)/(C45-E45) -> 0 | M45: =SUMIFS(ĐMCP!$Q:$Q,ĐMCP!$P:$P, "="&'HQ1'!B45,ĐMCP!$O:$O, "="&'HQ1'!A45) -> 8605722 | N45: =IF(M45=0,0,G45-M45) -> -0.0041397642
A46: BV Bến Tre | B46: BH Xe cơ giới | C46: 1364810179 | D46: 358409271 | E46: 11565328 | F46: 3.2978057e+08 | G46: 726129245 | H46: 40944305 | I46: -1.0201854e+08 | J46: =SUMIFS(PGĐ!$H:$H,PGĐ!$F:$F, "="&B46, PGĐ!$I:$I, "="&'HQ1'!A46) -> 2500000 | L46: =(D46+F46)/(C46-E46) -> 0.50854791 | M46: =SUMIFS(ĐMCP!$Q:$Q,ĐMCP!$P:$P, "="&'HQ1'!B46,ĐMCP!$O:$O, "="&'HQ1'!A46) -> 7.2612924e+08 | N46: =IF(M46=0,0,G46-M46) -> 0.37334144
A47: BV Bến Tre | B47: BH Y tế | C47: 647120725 | D47: 61720149 | E47: 1.0120172e+08 | F47: 38580724 | G47: 368392139 | H47: 19413622 | I47: 57812372 | J47: =SUMIFS(PGĐ!$H:$H,PGĐ!$F:$F, "="&B47, PGĐ!$I:$I, "="&'HQ1'!A47) -> 0 | L47: =(D47+F47)/(C47-E47) -> 0.18372849 | M47: =SUMIFS(ĐMCP!$Q:$Q,ĐMCP!$P:$P, "="&'HQ1'!B47,ĐMCP!$O:$O, "="&'HQ1'!A47) -> 3.6839214e+08 | N47: =IF(M47=0,0,G47-M47) -> 0.17344731
A48: BV Bình Định | B48: Total | C48: 13536054851 | D48: 6890090506 | E48: 244886848 | F48: -347078451 | G48: 4423285547 | H48: 4.0608165e+08 | I48: 1.9187888e+09 | J48: =SUMIFS(PGĐ!$H:$H,PGĐ!$F:$F, "="&B48, PGĐ!$I:$I, "="&'HQ1'!A48) -> 0 | L48: =(D48+F48)/(C48-E48) -> 0.4922827 | M48: =SUMIFS(ĐMCP!$Q:$Q,ĐMCP!$P:$P, "="&'HQ1'!B48,ĐMCP!$O:$O, "="&'HQ1'!A48) -> 0 | N48: =IF(M48=0,0,G48-M48) -> 0
A49: BV Bình Định | B49: BH Con người | C49: 6009799673 | D49: 2148037400 | E49: -14433826 | F49: 271976500 | G49: 1859654076 | H49: 1.8029399e+08 | I49: 1.5642715e+09 | J49: =SUMIFS(PGĐ!$H:$H,PGĐ!$F:$F, "="&B49, PGĐ!$I:$I, "="&'HQ1'!A49) -> 160000 | L49: =(D49+F49)/(C49-E49) -> 0.40171316 | M49: =SUMIFS(ĐMCP!$Q:$Q,ĐMCP!$P:$P, "="&'HQ1'!B49,ĐMCP!$O:$O, "="&'HQ1'!A49) -> 1.8596541e+09 | N49: =IF(M49=0,0,G49-M49) -> 0.38930178
A50: BV Bình Định | B50: BH Du lịch | C50: 48831400 | E50: -652060 | G50: 25583206 | H50: 1464942 | I50: 22435312 | J50: =SUMIFS(PGĐ!$H:$H,PGĐ!$F:$F, "="&B50, PGĐ!$I:$I, "="&'HQ1'!A50) -> 0 | L50: =(D50+F50)/(C50-E50) -> 0 | M50: =SUMIFS(ĐMCP!$Q:$Q,ĐMCP!$P:$P, "="&'HQ1'!B50,ĐMCP!$O:$O, "="&'HQ1'!A50) -> 25583206 | N50: =IF(M50=0,0,G50-M50) -> -0.001678504
A51: BV Bình Định | B51: BH Xe cơ giới | C51: 6831481128 | D51: 4558282915 | E51: 169343359 | F51: -614667052 | G51: 2302777891 | H51: 2.0494443e+08 | I51: 2.1079958e+08 | J51: =SUMIFS(PGĐ!$H:$H,PGĐ!$F:$F, "="&B51, PGĐ!$I:$I, "="&'HQ1'!A51) -> 23657383 | L51: =(D51+F51)/(C51-E51) -> 0.59194451 | M51: =SUMIFS(ĐMCP!$Q:$Q,ĐMCP!$P:$P, "="&'HQ1'!B51,ĐMCP!$O:$O, "="&'HQ1'!A51) -> 2.3027779e+09 | N51: =IF(M51=0,0,G51-M51) -> 0.05652523
A52: BV Bình Định | B52: BH Y tế | C52: 645942650 | D52: 183770191 | E52: 90629374 | F52: -4387899 | G52: 235270374 | H52: 19378280 | I52: 121282330 | J52: =SUMIFS(PGĐ!$H:$H,PGĐ!$F:$F, "="&B52, PGĐ!$I:$I, "="&'HQ1'!A52) -> 0 | L52: =(D52+F52)/(C52-E52) -> 0.323029 | M52: =SUMIFS(ĐMCP!$Q:$Q,ĐMCP!$P:$P, "="&'HQ1'!B52,ĐMCP!$O:$O, "="&'HQ1'!A52) -> 2.3527037e+08 | N52: =IF(M52=0,0,G52-M52) -> 0.25509888
A53: BV Bình Dương | B53: Total | C53: 14029532706 | D53: 8784394304 | E53: -82249212 | F53: -1055667683 | G53: 5006228341 | H53: 4.2088598e+08 | I53: 9.5594098e+08 | J53: =SUMIFS(PGĐ!$H:$H,PGĐ!$F:$F, "="&B53, PGĐ!$I:$I, "="&'HQ1'!A53) -> 0 | L53: =(D53+F53)/(C53-E53) -> 0.547679 | M53: =SUMIFS(ĐMCP!$Q:$Q,ĐMCP!$P:$P, "="&'HQ1'!B53,ĐMCP!$O:$O, "="&'HQ1'!A53) -> 0 | N53: =IF(M53=0,0,G53-M53) -> 0
A54: BV Bình Dương | B54: BH Con người | C54: 1857584516 | D54: 868850670 | E54: -67539180 | F54: 235655200 | G54: 643767928 | H54: 55727535 | I54: 1.2112236e+08 | J54: =SUMIFS(PGĐ!$H:$H,PGĐ!$F:$F, "="&B54, PGĐ!$I:$I, "="&'HQ1'!A54) -> 0 | L54: =(D54+F54)/(C54-E54) -> 0.57373242 | M54: =SUMIFS(ĐMCP!$Q:$Q,ĐMCP!$P:$P, "="&'HQ1'!B54,ĐMCP!$O:$O, "="&'HQ1'!A54) -> 6.4376793e+08 | N54: =IF(M54=0,0,G54-M54) -> 0.14030421
A55: BV Bình Dương | B55: BH Du lịch | C55: 55877800 | D55: 4072800 | E55: -2908420 | G55: 29403556 | H55: 1676334 | I55: 23633530 | J55: =SUMIFS(PGĐ!$H:$H,PGĐ!$F:$F, "="&B55, PGĐ!$I:$I, "="&'HQ1'!A55) -> 0 | L55: =(D55+F55)/(C55-E55) -> 0.069281543 | M55: =SUMIFS(ĐMCP!$Q:$Q,ĐMCP!$P:$P, "="&'HQ1'!B55,ĐMCP!$O:$O, "="&'HQ1'!A55) -> 29403556 | N55: =IF(M55=0,0,G55-M55) -> -0.36045195
A56: BV Bình Dương | B56: BH Xe cơ giới | C56: 8926022983 | D56: 5390570887 | E56: -77084713 | F56: -1285090765 | G56: 3311497215 | H56: 2.6778069e+08 | I56: 1.3183497e+09 | J56: =SUMIFS(PGĐ!$H:$H,PGĐ!$F:$F, "="&B56, PGĐ!$I:$I, "="&'HQ1'!A56) -> 11200000 | L56: =(D56+F56)/(C56-E56) -> 0.456007 | M56: =SUMIFS(ĐMCP!$Q:$Q,ĐMCP!$P:$P, "="&'HQ1'!B56,ĐMCP!$O:$O, "="&'HQ1'!A56) -> 3.3114972e+09 | N56: =IF(M56=0,0,G56-M56) -> 0.48020887
A57: BV Bình Dương | B57: BH Y tế | C57: 3190047407 | D57: 2520899947 | E57: 65283100 | F57: -6232118 | G57: 1021559642 | H57: 95701422 | I57: -5.0716459e+08 | J57: =SUMIFS(PGĐ!$H:$H,PGĐ!$F:$F, "="&B57, PGĐ!$I:$I, "="&'HQ1'!A57) -> 0 | L57: =(D57+F57)/(C57-E57) -> 0.8047544 | M57: =SUMIFS(ĐMCP!$Q:$Q,ĐMCP!$P:$P, "="&'HQ1'!B57,ĐMCP!$O:$O, "="&'HQ1'!A57) -> 1.0215596e+09 | N57: =IF(M57=0,0,G57-M57) -> 0.32809436
A58: BV Bình Phước | B58: Total | C58: 8575615147 | D58: 4201481706 | E58: 1.1609857e+08 | F58: -286242454 | G58: 2855475473 | H58: 2.5726845e+08 | I58: 1.4315334e+09 | J58: =SUMIFS(PGĐ!$H:$H,PGĐ!$F:$F, "="&B58, PGĐ!$I:$I, "="&'HQ1'!A58) -> 0 | L58: =(D58+F58)/(C58-E58) -> 0.46282068 | M58: =SUMIFS(ĐMCP!$Q:$Q,ĐMCP!$P:$P, "="&'HQ1'!B58,ĐMCP!$O:$O, "="&'HQ1'!A58) -> 0 | N58: =IF(M58=0,0,G58-M58) -> 0
A59: BV Bình Phước | B59: BH Con người | C59: 1422788000 | D59: 1161236293 | E59: -47001082 | F59: -499160000 | G59: 476679968 | H59: 42683640 | I59: 2.8834918e+08 | J59: =SUMIFS(PGĐ!$H:$H,PGĐ!$F:$F, "="&B59, PGĐ!$I:$I, "="&'HQ1'!A59) -> 0 | L59: =(D59+F59)/(C59-E59) -> 0.45045667 | M59: =SUMIFS(ĐMCP!$Q:$Q,ĐMCP!$P:$P, "="&'HQ1'!B59,ĐMCP!$O:$O, "="&'HQ1'!A59) -> 4.7667997e+08 | N59: =IF(M59=0,0,G59-M59) -> 0.18263555
A60: BV Bình Phước | B60: BH Du lịch | C60: 43330000 | E60: 3468425 | G60: 23153719 | H60: 1299900 | I60: 15407956 | J60: =SUMIFS(PGĐ!$H:$H,PGĐ!$F:$F, "="&B60, PGĐ!$I:$I, "="&'HQ1'!A60) -> 0 | L60: =(D60+F60)/(C60-E60) -> 0 | M60: =SUMIFS(ĐMCP!$Q:$Q,ĐMCP!$P:$P, "="&'HQ1'!B60,ĐMCP!$O:$O, "="&'HQ1'!A60) -> 23153719 | N60: =IF(M60=0,0,G60-M60) -> 0.23943219
A61: BV Bình Phước | B61: BH Xe cơ giới | C61: 6502349157 | D61: 2509112397 | E61: 86017948 | F61: 372774809 | G61: 2145713747 | H61: 1.9507047e+08 | I61: 1.1936598e+09 | J61: =SUMIFS(PGĐ!$H:$H,PGĐ!$F:$F, "="&B61, PGĐ!$I:$I, "="&'HQ1'!A61) -> 13888196 | L61: =(D61+F61)/(C61-E61) -> 0.44914876 | M61: =SUMIFS(ĐMCP!$Q:$Q,ĐMCP!$P:$P, "="&'HQ1'!B61,ĐMCP!$O:$O, "="&'HQ1'!A61) -> 2.1457137e+09 | N61: =IF(M61=0,0,G61-M61) -> 0.0062105656
A62: BV Bình Phước | B62: BH Y tế | C62: 607147990 | D62: 531133016 | E62: 73613277 | F62: -159857263 | G62: 209928039 | H62: 18214440 | I62: -65883519 | J62: =SUMIFS(PGĐ!$H:$H,PGĐ!$F:$F, "="&B62, PGĐ!$I:$I, "="&'HQ1'!A62) -> 0 | L62: =(D62+F62)/(C62-E62) -> 0.69587928 | M62: =SUMIFS(ĐMCP!$Q:$Q,ĐMCP!$P:$P, "="&'HQ1'!B62,ĐMCP!$O:$O, "="&'HQ1'!A62) -> 2.0992804e+08 | N62: =IF(M62=0,0,G62-M62) -> 0.25779226
A63: BV Bình Thuận | B63: Total | C63: 14259804502 | D63: 10098767227 | E63: -1.5256535e+08 | F63: -645773808 | G63: 5180424461 | H63: 4.2779414e+08 | I63: -6.4884216e+08 | J63: =SUMIFS(PGĐ!$H:$H,PGĐ!$F:$F, "="&B63, PGĐ!$I:$I, "="&'HQ1'!A63) -> 0 | L63: =(D63+F63)/(C63-E63) -> 0.65589445 | M63: =SUMIFS(ĐMCP!$Q:$Q,ĐMCP!$P:$P, "="&'HQ1'!B63,ĐMCP!$O:$O, "="&'HQ1'!A63) -> 0 | N63: =IF(M63=0,0,G63-M63) -> 0
A64: BV Bình Thuận | B64: BH Con người | C64: 4857142900 | D64: 6499254500 | E64: -2.0829991e+08 | F64: -97710000 | G64: 1597068986 | H64: 145714287 | I64: -3.078885e+09 | J64: =SUMIFS(PGĐ!$H:$H,PGĐ!$F:$F, "="&B64, PGĐ!$I:$I, "="&'HQ1'!A64) -> 2778500 | L64: =(D64+F64)/(C64-E64) -> 1.263768 | M64: =SUMIFS(ĐMCP!$Q:$Q,ĐMCP!$P:$P, "="&'HQ1'!B64,ĐMCP!$O:$O, "="&'HQ1'!A64) -> 1.597069e+09 | N64: =IF(M64=0,0,G64-M64) -> 0.20515585
A65: BV Bình Thuận | B65: BH Du lịch | C65: 110977500 | E65: -1412250 | G65: 59929030 | H65: 3329325 | I65: 49131395 | J65: =SUMIFS(PGĐ!$H:$H,PGĐ!$F:$F, "="&B65, PGĐ!$I:$I, "="&'HQ1'!A65) -> 0 | L65: =(D65+F65)/(C65-E65) -> 0 | M65: =SUMIFS(ĐMCP!$Q:$Q,ĐMCP!$P:$P, "="&'HQ1'!B65,ĐMCP!$O:$O, "="&'HQ1'!A65) -> 59929030 | N65: =IF(M65=0,0,G65-M65) -> -0.087604553
A66: BV Bình Thuận | B66: BH Xe cơ giới | C66: 7537033112 | D66: 3047597238 | E66: -1.3076965e+08 | F66: -310089073 | G66: 2844583958 | H66: 2.2611099e+08 | I66: 1.8595996e+09 | J66: =SUMIFS(PGĐ!$H:$H,PGĐ!$F:$F, "="&B66, PGĐ!$I:$I, "="&'HQ1'!A66) -> 11800000 | L66: =(D66+F66)/(C66-E66) -> 0.35701338 | M66: =SUMIFS(ĐMCP!$Q:$Q,ĐMCP!$P:$P, "="&'HQ1'!B66,ĐMCP!$O:$O, "="&'HQ1'!A66) -> 2.844584e+09 | N66: =IF(M66=0,0,G66-M66) -> 0.45493126
A67: BV Bình Thuận | B67: BH Y tế | C67: 1754650990 | D67: 551915489 | E67: 187916463 | F67: -237974735 | G67: 678842487 | H67: 52639530 | I67: 5.2131176e+08 | J67: =SUMIFS(PGĐ!$H:$H,PGĐ!$F:$F, "="&B67, PGĐ!$I:$I, "="&'HQ1'!A67) -> 0 | L67: =(D67+F67)/(C67-E67) -> 0.20037904 | M67: =SUMIFS(ĐMCP!$Q:$Q,ĐMCP!$P:$P, "="&'HQ1'!B67,ĐMCP!$O:$O, "="&'HQ1'!A67) -> 6.7884249e+08 | N67: =IF(M67=0,0,G67-M67) -> -0.11356676
A68: BV Cà Mau | B68: Total | C68: 4982425894 | D68: 2326831399 | E68: 1.3589899e+08 | F68: 8.8481272e+08 | G68: 1728847515 | H68: 1.4947278e+08 | I68: -2.434375e+08 | J68: =SUMIFS(PGĐ!$H:$H,PGĐ!$F:$F, "="&B68, PGĐ!$I:$I, "="&'HQ1'!A68) -> 0 | L68: =(D68+F68)/(C68-E68) -> 0.6626692 | M68: =SUMIFS(ĐMCP!$Q:$Q,ĐMCP!$P:$P, "="&'HQ1'!B68,ĐMCP!$O:$O, "="&'HQ1'!A68) -> 0 | N68: =IF(M68=0,0,G68-M68) -> 0
A69: BV Cà Mau | B69: BH Con người | C69: 1263057320 | D69: 1183759602 | E69: -9143758.2 | F69: -6375000 | G69: 409467579 | H69: 37891720 | I69: -3.5254282e+08 | J69: =SUMIFS(PGĐ!$H:$H,PGĐ!$F:$F, "="&B69, PGĐ!$I:$I, "="&'HQ1'!A69) -> 0 | L69: =(D69+F69)/(C69-E69) -> 0.92547053 | M69: =SUMIFS(ĐMCP!$Q:$Q,ĐMCP!$P:$P, "="&'HQ1'!B69,ĐMCP!$O:$O, "="&'HQ1'!A69) -> 4.0946758e+08 | N69: =IF(M69=0,0,G69-M69) -> 0.38643008
A70: BV Cà Mau | B70: BH Du lịch | C70: 1352000 | E70: -327800 | G70: 713191 | H70: 40560 | I70: 926049 | J70: =SUMIFS(PGĐ!$H:$H,PGĐ!$F:$F, "="&B70, PGĐ!$I:$I, "="&'HQ1'!A70) -> 0 | L70: =(D70+F70)/(C70-E70) -> 0 | M70: =SUMIFS(ĐMCP!$Q:$Q,ĐMCP!$P:$P, "="&'HQ1'!B70,ĐMCP!$O:$O, "="&'HQ1'!A70) -> 713191.3 | N70: =IF(M70=0,0,G70-M70) -> -0.29974981
A71: BV Cà Mau | B71: BH Xe cơ giới | C71: 2900145301 | D71: 893161298 | E71: 9396675.8 | F71: 9.4432705e+08 | G71: 923054763 | H71: 87004359 | I71: 43201159 | J71: =SUMIFS(PGĐ!$H:$H,PGĐ!$F:$F, "="&B71, PGĐ!$I:$I, "="&'HQ1'!A71) -> 11400000 | L71: =(D71+F71)/(C71-E71) -> 0.63564446 | M71: =SUMIFS(ĐMCP!$Q:$Q,ĐMCP!$P:$P, "="&'HQ1'!B71,ĐMCP!$O:$O, "="&'HQ1'!A71) -> 9.2305476e+08 | N71: =IF(M71=0,0,G71-M71) -> 0.23210788
A72: BV Cà Mau | B72: BH Y tế | C72: 817871273 | D72: 249910499 | E72: 1.3597387e+08 | F72: -53139329 | G72: 395611982 | H72: 24536138 | I72: 64978111 | J72: =SUMIFS(PGĐ!$H:$H,PGĐ!$F:$F, "="&B72, PGĐ!$I:$I, "="&'HQ1'!A72) -> 0 | L72: =(D72+F72)/(C72-E72) -> 0.28856419 | M72: =SUMIFS(ĐMCP!$Q:$Q,ĐMCP!$P:$P, "="&'HQ1'!B72,ĐMCP!$O:$O, "="&'HQ1'!A72) -> 3.9561198e+08 | N72: =IF(M72=0,0,G72-M72) -> 0.23794502
A73: BV Cần Thơ | B73: Total | C73: 21468583342 | D73: 9612211181 | E73: 4.1275798e+08 | F73: 1337421235 | G73: 7581908548 | H73: 6.440575e+08 | I73: 1.8802269e+09 | J73: =SUMIFS(PGĐ!$H:$H,PGĐ!$F:$F, "="&B73, PGĐ!$I:$I, "="&'HQ1'!A73) -> 0 | L73: =(D73+F73)/(C73-E73) -> 0.52002865 | M73: =SUMIFS(ĐMCP!$Q:$Q,ĐMCP!$P:$P, "="&'HQ1'!B73,ĐMCP!$O:$O, "="&'HQ1'!A73) -> 0 | N73: =IF(M73=0,0,G73-M73) -> 0
A74: BV Cần Thơ | B74: BH Con người | C74: 1394803753 | D74: 1750244000 | E74: -1.1643678e+08 | F74: 102548800 | G74: 460036754 | H74: 41844113 | I74: -8.4343313e+08 | J74: =SUMIFS(PGĐ!$H:$H,PGĐ!$F:$F, "="&B74, PGĐ!$I:$I, "="&'HQ1'!A74) -> 200000 | L74: =(D74+F74)/(C74-E74) -> 1.2260079 | M74: =SUMIFS(ĐMCP!$Q:$Q,ĐMCP!$P:$P, "="&'HQ1'!B74,ĐMCP!$O:$O, "="&'HQ1'!A74) -> 4.6003675e+08 | N74: =IF(M74=0,0,G74-M74) -> -0.336658
A75: BV Cần Thơ | B75: BH Du lịch | C75: 94598600 | E75: 2717310 | G75: 41639774 | H75: 2837958 | I75: 47403558 | J75: =SUMIFS(PGĐ!$H:$H,PGĐ!$F:$F, "="&B75, PGĐ!$I:$I, "="&'HQ1'!A75) -> 0 | L75: =(D75+F75)/(C75-E75) -> 0 | M75: =SUMIFS(ĐMCP!$Q:$Q,ĐMCP!$P:$P, "="&'HQ1'!B75,ĐMCP!$O:$O, "="&'HQ1'!A75) -> 41639774 | N75: =IF(M75=0,0,G75-M75) -> 0.31668261
A76: BV Cần Thơ | B76: BH Xe cơ giới | C76: 15104557335 | D76: 6754569624 | E76: 56460202 | F76: 1285312914 | G76: 5140495238 | H76: 4.5313672e+08 | I76: 1.4145826e+09 | J76: =SUMIFS(PGĐ!$H:$H,PGĐ!$F:$F, "="&B76, PGĐ!$I:$I, "="&'HQ1'!A76) -> 256890000 | L76: =(D76+F76)/(C76-E76) -> 0.53427902 | M76: =SUMIFS(ĐMCP!$Q:$Q,ĐMCP!$P:$P, "="&'HQ1'!B76,ĐMCP!$O:$O, "="&'HQ1'!A76) -> 5.1404952e+09 | N76: =IF(M76=0,0,G76-M76) -> -0.36204433
A77: BV Cần Thơ | B77: BH Y tế | C77: 4874623654 | D77: 1107397557 | E77: 470017254 | F77: -50440479 | G77: 1939736782 | H77: 1.4623871e+08 | I77: 1.2616738e+09 | J77: =SUMIFS(PGĐ!$H:$H,PGĐ!$F:$F, "="&B77, PGĐ!$I:$I, "="&'HQ1'!A77) -> 0 | L77: =(D77+F77)/(C77-E77) -> 0.23996629 | M77: =SUMIFS(ĐMCP!$Q:$Q,ĐMCP!$P:$P, "="&'HQ1'!B77,ĐMCP!$O:$O, "="&'HQ1'!A77) -> 1.9397368e+09 | N77: =IF(M77=0,0,G77-M77) -> 0.17825389
A78: BV Cao Bằng | B78: Total | C78: 3323199029 | D78: 714335357 | E78: -693598 | F78: 182441675 | G78: 1212781686 | H78: 99695971 | I78: 1.1146379e+09 | J78: =SUMIFS(PGĐ!$H:$H,PGĐ!$F:$F, "="&B78, PGĐ!$I:$I, "="&'HQ1'!A78) -> 0 | L78: =(D78+F78)/(C78-E78) -> 0.26979723 | M78: =SUMIFS(ĐMCP!$Q:$Q,ĐMCP!$P:$P, "="&'HQ1'!B78,ĐMCP!$O:$O, "="&'HQ1'!A78) -> 0 | N78: =IF(M78=0,0,G78-M78) -> 0
A79: BV Cao Bằng | B79: BH Con người | C79: 470715300 | D79: 392870500 | E79: -48118550 | G79: 150252819 | H79: 14121459 | I79: -38410928 | J79: =SUMIFS(PGĐ!$H:$H,PGĐ!$F:$F, "="&B79, PGĐ!$I:$I, "="&'HQ1'!A79) -> 0 | L79: =(D79+F79)/(C79-E79) -> 0.75721833 | M79: =SUMIFS(ĐMCP!$Q:$Q,ĐMCP!$P:$P, "="&'HQ1'!B79,ĐMCP!$O:$O, "="&'HQ1'!A79) -> 1.5025282e+08 | N79: =IF(M79=0,0,G79-M79) -> -0.012533247
A80: BV Cao Bằng | B80: BH Du lịch | C80: 257838000 | E80: 11648500 | G80: 142832680 | H80: 7735140 | I80: 95621680 | J80: =SUMIFS(PGĐ!$H:$H,PGĐ!$F:$F, "="&B80, PGĐ!$I:$I, "="&'HQ1'!A80) -> 0 | L80: =(D80+F80)/(C80-E80) -> 0 | M80: =SUMIFS(ĐMCP!$Q:$Q,ĐMCP!$P:$P, "="&'HQ1'!B80,ĐMCP!$O:$O, "="&'HQ1'!A80) -> 1.4283268e+08 | N80: =IF(M80=0,0,G80-M80) -> -0.38606107
A81: BV Cao Bằng | B81: BH Xe cơ giới | C81: 2510042329 | D81: 308625734 | E81: 32801842 | F81: 196123212 | G81: 885236985 | H81: 75301270 | I81: 1.0119533e+09 | J81: =SUMIFS(PGĐ!$H:$H,PGĐ!$F:$F, "="&B81, PGĐ!$I:$I, "="&'HQ1'!A81) -> 4000000 | L81: =(D81+F81)/(C81-E81) -> 0.20375452 | M81: =SUMIFS(ĐMCP!$Q:$Q,ĐMCP!$P:$P, "="&'HQ1'!B81,ĐMCP!$O:$O, "="&'HQ1'!A81) -> 8.8523699e+08 | N81: =IF(M81=0,0,G81-M81) -> -0.27963686
A82: BV Cao Bằng | B82: BH Y tế | C82: 84603400 | D82: 12839123 | E82: 2974609.5 | F82: -13681537 | G82: 34459202 | H82: 2538102 | I82: 45473900 | J82: =SUMIFS(PGĐ!$H:$H,PGĐ!$F:$F, "="&B82, PGĐ!$I:$I, "="&'HQ1'!A82) -> 0 | L82: =(D82+F82)/(C82-E82) -> -0.01032006 | M82: =SUMIFS(ĐMCP!$Q:$Q,ĐMCP!$P:$P, "="&'HQ1'!B82,ĐMCP!$O:$O, "="&'HQ1'!A82) -> 34459202 | N82: =IF(M82=0,0,G82-M82) -> 0.097192511
A83: BV Đà Nẵng | B83: Total | C83: 53174961463 | D83: 19977894150 | E83: 1584539278 | F83: 1483525195 | G83: 14672433837 | H83: 1.5952488e+09 | I83: 1.386132e+10 | J83: =SUMIFS(PGĐ!$H:$H,PGĐ!$F:$F, "="&B83, PGĐ!$I:$I, "="&'HQ1'!A83) -> 0 | L83: =(D83+F83)/(C83-E83) -> 0.4159962 | M83: =SUMIFS(ĐMCP!$Q:$Q,ĐMCP!$P:$P, "="&'HQ1'!B83,ĐMCP!$O:$O, "="&'HQ1'!A83) -> 0 | N83: =IF(M83=0,0,G83-M83) -> 0
A84: BV Đà Nẵng | B84: BH Con người | C84: 2264341829 | D84: 1005872430 | E84: -60826576 | F84: 17505000 | G84: 706245069 | H84: 67930255 | I84: 5.2761565e+08 | J84: =SUMIFS(PGĐ!$H:$H,PGĐ!$F:$F, "="&B84, PGĐ!$I:$I, "="&'HQ1'!A84) -> 0 | L84: =(D84+F84)/(C84-E84) -> 0.44013046 | M84: =SUMIFS(ĐMCP!$Q:$Q,ĐMCP!$P:$P, "="&'HQ1'!B84,ĐMCP!$O:$O, "="&'HQ1'!A84) -> 7.0624507e+08 | N84: =IF(M84=0,0,G84-M84) -> -0.30247784
A85: BV Đà Nẵng | B85: BH Du lịch | C85: 768775300 | D85: 855416 | E85: -95623711 | F85: -339667 | G85: 399187621 | H85: 23063259 | I85: 441632382 | J85: =SUMIFS(PGĐ!$H:$H,PGĐ!$F:$F, "="&B85, PGĐ!$I:$I, "="&'HQ1'!A85) -> 0 | L85: =(D85+F85)/(C85-E85) -> 0.00059665617 | M85: =SUMIFS(ĐMCP!$Q:$Q,ĐMCP!$P:$P, "="&'HQ1'!B85,ĐMCP!$O:$O, "="&'HQ1'!A85) -> 3.9918762e+08 | N85: =IF(M85=0,0,G85-M85) -> -0.37148058
A86: BV Đà Nẵng | B86: BH Xe cơ giới | C86: 19826823382 | D86: 7088067220 | E86: 8.9323364e+08 | F86: 2354418043 | G86: 6003349838 | H86: 5.948047e+08 | I86: 2.8929499e+09 | J86: =SUMIFS(PGĐ!$H:$H,PGĐ!$F:$F, "="&B86, PGĐ!$I:$I, "="&'HQ1'!A86) -> 57100000 | L86: =(D86+F86)/(C86-E86) -> 0.49871606 | M86: =SUMIFS(ĐMCP!$Q:$Q,ĐMCP!$P:$P, "="&'HQ1'!B86,ĐMCP!$O:$O, "="&'HQ1'!A86) -> 6.0033498e+09 | N86: =IF(M86=0,0,G86-M86) -> 0.16256332
A87: BV Đà Nẵng | B87: BH Y tế | C87: 30315020952 | D87: 11883099084 | E87: 847755924 | F87: -888058181 | G87: 7563651309 | H87: 9.0945063e+08 | I87: 9.9991222e+09 | J87: =SUMIFS(PGĐ!$H:$H,PGĐ!$F:$F, "="&B87, PGĐ!$I:$I, "="&'HQ1'!A87) -> 0 | L87: =(D87+F87)/(C87-E87) -> 0.3731273 | M87: =SUMIFS(ĐMCP!$Q:$Q,ĐMCP!$P:$P, "="&'HQ1'!B87,ĐMCP!$O:$O, "="&'HQ1'!A87) -> 7.5636513e+09 | N87: =IF(M87=0,0,G87-M87) -> -0.067461967
A88: BV Dak Lak | B88: Total | C88: 15715882530 | D88: 8227234787 | E88: 3.8584348e+08 | F88: 1809376681 | G88: 5197953992 | H88: 4.7147648e+08 | I88: -3.7600288e+08 | J88: =SUMIFS(PGĐ!$H:$H,PGĐ!$F:$F, "="&B88, PGĐ!$I:$I, "="&'HQ1'!A88) -> 0 | L88: =(D88+F88)/(C88-E88) -> 0.65470228 | M88: =SUMIFS(ĐMCP!$Q:$Q,ĐMCP!$P:$P, "="&'HQ1'!B88,ĐMCP!$O:$O, "="&'HQ1'!A88) -> 0 | N88: =IF(M88=0,0,G88-M88) -> 0
A89: BV Dak Lak | B89: BH Con người | C89: 3835766917 | D89: 1753747019 | E89: 12740841 | F89: 160175000 | G89: 1191478360 | H89: 1.1507301e+08 | I89: 6.0255269e+08 | J89: =SUMIFS(PGĐ!$H:$H,PGĐ!$F:$F, "="&B89, PGĐ!$I:$I, "="&'HQ1'!A89) -> 440000 | L89: =(D89+F89)/(C89-E89) -> 0.50063012 | M89: =SUMIFS(ĐMCP!$Q:$Q,ĐMCP!$P:$P, "="&'HQ1'!B89,ĐMCP!$O:$O, "="&'HQ1'!A89) -> 1.1914784e+09 | N89: =IF(M89=0,0,G89-M89) -> 0.087531567
A90: BV Dak Lak | B90: BH Du lịch | C90: 173382500 | D90: 24893143 | E90: -42983810 | F90: 11154087 | G90: 91952992 | H90: 5201475 | I90: 83164613 | J90: =SUMIFS(PGĐ!$H:$H,PGĐ!$F:$F, "="&B90, PGĐ!$I:$I, "="&'HQ1'!A90) -> 0 | L90: =(D90+F90)/(C90-E90) -> 0.16660279 | M90: =SUMIFS(ĐMCP!$Q:$Q,ĐMCP!$P:$P, "="&'HQ1'!B90,ĐMCP!$O:$O, "="&'HQ1'!A90) -> 91952992 | N90: =IF(M90=0,0,G90-M90) -> 0.28797843
A91: BV Dak Lak | B91: BH Xe cơ giới | C91: 11001058588 | D91: 6241753890 | E91: 310143725 | F91: 1679534106 | G91: 3673508814 | H91: 3.3003176e+08 | I91: -1.2339137e+09 | J91: =SUMIFS(PGĐ!$H:$H,PGĐ!$F:$F, "="&B91, PGĐ!$I:$I, "="&'HQ1'!A91) -> 29060000 | L91: =(D91+F91)/(C91-E91) -> 0.7409364 | M91: =SUMIFS(ĐMCP!$Q:$Q,ĐMCP!$P:$P, "="&'HQ1'!B91,ĐMCP!$O:$O, "="&'HQ1'!A91) -> 3.6735088e+09 | N91: =IF(M91=0,0,G91-M91) -> 0.11785841
A92: BV Dak Lak | B92: BH Y tế | C92: 705674525 | D92: 206840735 | E92: 1.0594272e+08 | F92: -41486512 | G92: 241013826 | H92: 21170236 | I92: 1.7219352e+08 | J92: =SUMIFS(PGĐ!$H:$H,PGĐ!$F:$F, "="&B92, PGĐ!$I:$I, "="&'HQ1'!A92) -> 0 | L92: =(D92+F92)/(C92-E92) -> 0.27571361 | M92: =SUMIFS(ĐMCP!$Q:$Q,ĐMCP!$P:$P, "="&'HQ1'!B92,ĐMCP!$O:$O, "="&'HQ1'!A92) -> 2.4101383e+08 | N92: =IF(M92=0,0,G92-M92) -> -0.46178111
A93: BV Dak Nong | B93: Total | C93: 4584409783 | D93: 2153369546 | E93: 1.5354026e+08 | F93: -312335122 | G93: 1642977661 | H93: 1.3753229e+08 | I93: 8.0932515e+08 | J93: =SUMIFS(PGĐ!$H:$H,PGĐ!$F:$F, "="&B93, PGĐ!$I:$I, "="&'HQ1'!A93) -> 0 | L93: =(D93+F93)/(C93-E93) -> 0.41550184 | M93: =SUMIFS(ĐMCP!$Q:$Q,ĐMCP!$P:$P, "="&'HQ1'!B93,ĐMCP!$O:$O, "="&'HQ1'!A93) -> 0 | N93: =IF(M93=0,0,G93-M93) -> 0
A94: BV Dak Nong | B94: BH Con người | C94: 1601322000 | D94: 783259000 | E94: -39741328 | G94: 531663794 | H94: 48039660 | I94: 2.7810087e+08 | J94: =SUMIFS(PGĐ!$H:$H,PGĐ!$F:$F, "="&B94, PGĐ!$I:$I, "="&'HQ1'!A94) -> 0 | L94: =(D94+F94)/(C94-E94) -> 0.47728749 | M94: =SUMIFS(ĐMCP!$Q:$Q,ĐMCP!$P:$P, "="&'HQ1'!B94,ĐMCP!$O:$O, "="&'HQ1'!A94) -> 5.3166379e+08 | N94: =IF(M94=0,0,G94-M94) -> -0.00090152025
A95: BV Dak Nong | B95: BH Du lịch | C95: 1679000 | E95: 23450 | G95: 964476 | H95: 50370 | I95: 640704 | J95: =SUMIFS(PGĐ!$H:$H,PGĐ!$F:$F, "="&B95, PGĐ!$I:$I, "="&'HQ1'!A95) -> 0 | L95: =(D95+F95)/(C95-E95) -> 0 | M95: =SUMIFS(ĐMCP!$Q:$Q,ĐMCP!$P:$P, "="&'HQ1'!B95,ĐMCP!$O:$O, "="&'HQ1'!A95) -> 964476.47 | N95: =IF(M95=0,0,G95-M95) -> -0.46571664
A96: BV Dak Nong | B96: BH Xe cơ giới | C96: 2804379783 | D96: 1324984604 | E96: 185511675 | F96: -355377580 | G96: 1036096439 | H96: 84131393 | I96: 5.2903325e+08 | J96: =SUMIFS(PGĐ!$H:$H,PGĐ!$F:$F, "="&B96, PGĐ!$I:$I, "="&'HQ1'!A96) -> 13600000 | L96: =(D96+F96)/(C96-E96) -> 0.37023897 | M96: =SUMIFS(ĐMCP!$Q:$Q,ĐMCP!$P:$P, "="&'HQ1'!B96,ĐMCP!$O:$O, "="&'HQ1'!A96) -> 1.0360964e+09 | N96: =IF(M96=0,0,G96-M96) -> 0.12291789
A97: BV Dak Nong | B97: BH Y tế | C97: 177029000 | D97: 45125942 | E97: 7746460.5 | F97: 43042458 | G97: 74252952 | H97: 5310870 | I97: 1550317.5 | J97: =SUMIFS(PGĐ!$H:$H,PGĐ!$F:$F, "="&B97, PGĐ!$I:$I, "="&'HQ1'!A97) -> 0 | L97: =(D97+F97)/(C97-E97) -> 0.52083576 | M97: =SUMIFS(ĐMCP!$Q:$Q,ĐMCP!$P:$P, "="&'HQ1'!B97,ĐMCP!$O:$O, "="&'HQ1'!A97) -> 74252952 | N97: =IF(M97=0,0,G97-M97) -> -0.23427743
A98: BV Điện Biên | B98: Total | C98: 6169897870 | D98: 3256145136 | E98: -62281172 | F98: 292458223 | G98: 3300253942 | H98: 1.8509694e+08 | I98: -8.0177519e+08 | J98: =SUMIFS(PGĐ!$H:$H,PGĐ!$F:$F, "="&B98, PGĐ!$I:$I, "="&'HQ1'!A98) -> 0 | L98: =(D98+F98)/(C98-E98) -> 0.5694001 | M98: =SUMIFS(ĐMCP!$Q:$Q,ĐMCP!$P:$P, "="&'HQ1'!B98,ĐMCP!$O:$O, "="&'HQ1'!A98) -> 0 | N98: =IF(M98=0,0,G98-M98) -> 0
A99: BV Điện Biên | B99: BH Con người | C99: 917215900 | D99: 1374374000 | E99: -64132932 | F99: -48414000 | G99: 1493526699 | H99: 27516477 | I99: -1.8656543e+09 | J99: =SUMIFS(PGĐ!$H:$H,PGĐ!$F:$F, "="&B99, PGĐ!$I:$I, "="&'HQ1'!A99) -> 400000 | L99: =(D99+F99)/(C99-E99) -> 1.3511607 | M99: =SUMIFS(ĐMCP!$Q:$Q,ĐMCP!$P:$P, "="&'HQ1'!B99,ĐMCP!$O:$O, "="&'HQ1'!A99) -> 1.4935267e+09 | N99: =IF(M99=0,0,G99-M99) -> -0.47634315
A100: BV Điện Biên | B100: BH Du lịch | C100: 396000 | E100: -589800 | G100: 210121 | H100: 11880 | I100: 763799 | J100: =SUMIFS(PGĐ!$H:$H,PGĐ!$F:$F, "="&B100, PGĐ!$I:$I, "="&'HQ1'!A100) -> 0 | L100: =(D100+F100)/(C100-E100) -> 0 | M100: =SUMIFS(ĐMCP!$Q:$Q,ĐMCP!$P:$P, "="&'HQ1'!B100,ĐMCP!$O:$O, "="&'HQ1'!A100) -> 210121.4 | N100: =IF(M100=0,0,G100-M100) -> -0.40452556
...

Sheet HQ2
B1: ='HQ1'!C1 -> 4089825555492 | C1: =SUBTOTAL(9,C3:C672) -> 2265735315676 | D1: =C1+B1 -> 6355560871168 | AE1: =SUM(AE3:AE748) -> 35221168324
A2: Đơn vị | B2: product_lob | C2: Doanh thu gốc | D2: Doanh thu gốc của các hợp đồng có STBH không vượt mức BHBV giữ lại 100% | E2: Doanh thu gốc của các hợp đồng có STBH trên mức BHBV giữ lại 100% | F2: Doanh thu thuần kỳ này | G2: Doanh thu thuần cùng kỳ năm trước | H2: Dự phòng phí | I2: Earned | J2: Bồi thường gốc | K2: Bồi thường tích tụ và tổn thất đơn lẻ vượt 20 tỷ đồng | L2: Bồi thường cho các vụ tổn thất từ các hợp đồng có STBH không vượt mức BHBV giữ lại 100% | M2: Bồi thường gốc các vụ còn lại | N2: Bồi thường thuộc trách nhiệm | O2: DPBT gốc (cuối kỳ) | P2: DPBT gốc các vụ tích tụ và tổn thất vượt 20 tỷ đồng (cuối kỳ) | Q2: DPBT gốc cho các vụ có STBH không vượt mức giữ lại (cuối kỳ) | R2: DPBT gốc các vụ còn lại (cuối kỳ) | S2: DPBT thuộc trách nhiệm (cuối kỳ) | T2: DPBT gốc (Đầu kỳ) | U2: DPBT gốc các vụ tích tụ và tổn thất vượt 20 tỷ đồng (Đầu kỳ) | V2: DPBT gốc cho các vụ có STBH không vượt mức giữ lại (Đầu kỳ) | W2: DPBT gốc các vụ còn lại (Đầu kỳ) | X2: DPBT thuộc trách nhiệm (Đầu kỳ) | Y2: Chênh lệch DPBT | Z2: Incurred | AA2: IBNR | AB2: Chi phí định mức | AC2: Hiệu quả quy ước | AD2: Loss_ratio | AE2: PHÍ GIÁM ĐỊNH | AG2: check_cp | AH2: =SUM(AH3:AH748) -> -4.7777113
A3: TSC-Ban BH Dự án (Fronting) | B3: Total | C3: 339858738533 | D3: 3344932980 | E3: 336513805553 | F3: 2.3848996e+11 | H3: 3.3537311e+10 | I3: 2.0495265e+11 | O3: 1.1670368e+11 | R3: 1.1670368e+11 | S3: 6.8795874e+10 | T3: 1.9491681e+11 | W3: 1.9491681e+11 | X3: 1.1167094e+11 | Y3: -4.2875064e+10 | Z3: -4.2875064e+10 | AA3: 7.1546988e+09 | AC3: 2.4067301e+11 | AD3: -0.20919497 | AE3: =SUMIFS(PGĐ!$H:$H,PGĐ!$F:$F,"="&'HQ2'!B3,PGĐ!$I:$I,"="&'HQ2'!A3) -> 0 | AG3: =SUMIFS(ĐMCP!$Q:$Q,ĐMCP!$P:$P,"="&'HQ2'!B3,ĐMCP!$O:$O,"="&'HQ2'!A3) -> 0 | AH3: =IF(AG3=0,0,AG3-AB3) -> 0
A4: TSC-Ban BH Dự án (Fronting) | B4: BH Tài sản | C4: 252674568117 | D4: 2957158803 | E4: 249717409314 | F4: 1.7767063e+11 | H4: 2.6650595e+10 | I4: 1.5102004e+11 | O4: 2.4526723e+10 | R4: 2.4526723e+10 | S4: 1.3489698e+10 | T4: 1.0558295e+11 | W4: 1.0558295e+11 | X4: 5.8070623e+10 | Y4: -4.4580926e+10 | Z4: -4.4580926e+10 | AA4: 5.3301189e+09 | AC4: 1.9027084e+11 | AD4: -0.29519875 | AE4: =SUMIFS(PGĐ!$H:$H,PGĐ!$F:$F,"="&'HQ2'!B4,PGĐ!$I:$I,"="&'HQ2'!A4) -> 1733620520 | AG4: =SUMIFS(ĐMCP!$Q:$Q,ĐMCP!$P:$P,"="&'HQ2'!B4,ĐMCP!$O:$O,"="&'HQ2'!A4) -> 0 | AH4: =IF(AG4=0,0,AG4-AB4) -> 0
A5: TSC-Ban BH Dự án (Fronting) | B5: BH Hàng hóa | C5: 32916923680 | D5: 387774177 | E5: 32529149503 | F5: 2.6385888e+10 | H5: 2.6385888e+09 | I5: 2.37473e+10 | AA5: 7.9157665e+08 | AC5: 2.2955723e+10 | AE5: =SUMIFS(PGĐ!$H:$H,PGĐ!$F:$F,"="&'HQ2'!B5,PGĐ!$I:$I,"="&'HQ2'!A5) -> 1000036650 | AG5: =SUMIFS(ĐMCP!$Q:$Q,ĐMCP!$P:$P,"="&'HQ2'!B5,ĐMCP!$O:$O,"="&'HQ2'!A5) -> 0 | AH5: =IF(AG5=0,0,AG5-AB5) -> 0
A6: TSC-Ban BH Dự án (Fronting) | B6: BH Trách nhiệm | C6: 43976009773 | E6: 43976009773 | F6: 2.6385606e+10 | H6: 2.6385606e+09 | I6: 2.3747045e+10 | O6: 72542680410 | R6: 72542680410 | S6: 43525608246 | T6: 70899577502 | W6: 70899577502 | X6: 4.2539747e+10 | Y6: 9.8586174e+08 | Z6: 9.8586174e+08 | AA6: 7.9156818e+08 | AC6: 2.1969615e+10 | AD6: 0.041515133 | AE6: =SUMIFS(PGĐ!$H:$H,PGĐ!$F:$F,"="&'HQ2'!B6,PGĐ!$I:$I,"="&'HQ2'!A6) -> 0 | AG6: =SUMIFS(ĐMCP!$Q:$Q,ĐMCP!$P:$P,"="&'HQ2'!B6,ĐMCP!$O:$O,"="&'HQ2'!A6) -> 0 | AH6: =IF(AG6=0,0,AG6-AB6) -> 0
A7: TSC-Ban BH Dự án (Fronting) | B7: Tàu khác | C7: 8439686660 | E7: 8439686660 | F7: 6751749328 | H7: 1.3503499e+09 | I7: 5.4013995e+09 | AA7: 2.0255248e+08 | AC7: 5.198847e+09 | AE7: =SUMIFS(PGĐ!$H:$H,PGĐ!$F:$F,"="&'HQ2'!B7,PGĐ!$I:$I,"="&'HQ2'!A7) -> 0 | AG7: =SUMIFS(ĐMCP!$Q:$Q,ĐMCP!$P:$P,"="&'HQ2'!B7,ĐMCP!$O:$O,"="&'HQ2'!A7) -> 0 | AH7: =IF(AG7=0,0,AG7-AB7) -> 0
A8: TSC-Ban BH Dự án (Fronting) | B8: BH Kỹ thuật | C8: 1851550303 | E8: 1851550303 | F8: 1.2960852e+09 | H8: 2.5921704e+08 | I8: 1.0368682e+09 | O8: 1.963428e+10 | R8: 1.963428e+10 | S8: 1.1780568e+10 | T8: 1.843428e+10 | W8: 1.843428e+10 | X8: 1.1060568e+10 | Y8: 720000000 | Z8: 720000000 | AA8: 38882556 | AC8: 2.7798561e+08 | AD8: 0.69439879 | AE8: =SUMIFS(PGĐ!$H:$H,PGĐ!$F:$F,"="&'HQ2'!B8,PGĐ!$I:$I,"="&'HQ2'!A8) -> 76638527 | AG8: =SUMIFS(ĐMCP!$Q:$Q,ĐMCP!$P:$P,"="&'HQ2'!B8,ĐMCP!$O:$O,"="&'HQ2'!A8) -> 0 | AH8: =IF(AG8=0,0,AG8-AB8) -> 0
A9: BV Sài Gòn | B9: Total | C9: 72125426494 | D9: 16278357544 | E9: 55847068950 | F9: 5.0774551e+10 | G9: 4.2490296e+10 | H9: 1.0163499e+09 | I9: 4.9758201e+10 | J9: 13734562143 | K9: 4390013836 | M9: 9344548307 | N9: 6.1471299e+09 | O9: 1.803179e+11 | P9: 105966056604 | Q9: 8.9615736e+09 | R9: 6.5390272e+10 | S9: 7.2761086e+10 | T9: 1.849102e+11 | U9: 110556380956 | V9: 6.3518986e+09 | W9: 6.8001917e+10 | X9: 7.1532668e+10 | Y9: 1.2284188e+09 | Z9: 7.3755487e+09 | AA9: 1.5232365e+09 | AB9: 15915058421 | AC9: 2.4944358e+10 | AD9: 0.1482278 | AE9: =SUMIFS(PGĐ!$H:$H,PGĐ!$F:$F,"="&'HQ2'!B9,PGĐ!$I:$I,"="&'HQ2'!A9) -> 0 | AG9: =SUMIFS(ĐMCP!$Q:$Q,ĐMCP!$P:$P,"="&'HQ2'!B9,ĐMCP!$O:$O,"="&'HQ2'!A9) -> 0 | AH9: =IF(AG9=0,0,AG9-AB9) -> 0
A10: BV Sài Gòn | B10: BH Hàng hóa | C10: 22286811440 | D10: 10666344490 | E10: 11620466950 | F10: 1.9269406e+10 | G10: 14985250800 | H10: 4.2841549e+08 | I10: 1.884099e+10 | J10: 5890583324 | M10: 5890583324 | N10: 3.53435e+09 | O10: 9.4491183e+09 | Q10: 5.8772619e+09 | R10: 3.5718564e+09 | S10: 8.0203758e+09 | T10: 8.2201706e+09 | V10: 3.8162756e+09 | W10: 4.403895e+09 | X10: 6.4586126e+09 | Y10: 1.5617632e+09 | Z10: 5.0961132e+09 | AA10: 5.7808217e+08 | AB10: 6607749221 | AC10: 6.5590456e+09 | AD10: 0.27048011 | AE10: =SUMIFS(PGĐ!$H:$H,PGĐ!$F:$F,"="&'HQ2'!B10,PGĐ!$I:$I,"="&'HQ2'!A10) -> 914198958 | AG10: =SUMIFS(ĐMCP!$Q:$Q,ĐMCP!$P:$P,"="&'HQ2'!B10,ĐMCP!$O:$O,"="&'HQ2'!A10) -> 6.6077492e+09 | AH10: =IF(AG10=0,0,AG10-AB10) -> 0.46665573
A11: BV Sài Gòn | B11: BH Tài sản | C11: 23535327613 | D11: 3275754988 | E11: 20259572625 | F11: 1.7359183e+10 | G11: 1.5153057e+10 | H11: 3.3091897e+08 | I11: 1.7028264e+10 | J11: 5022564961 | K11: 4390013836 | M11: 632551125 | N11: 9.9403292e+08 | O11: 6.7460382e+10 | P11: 30027129998 | Q11: 1584311709 | R11: 3.5848941e+10 | S11: 3.2617229e+10 | T11: 7.3241173e+10 | U11: 34617454350 | V11: 2535623010 | W11: 3.6088096e+10 | X11: 3.3594746e+10 | Y11: -9.775166e+08 | Z11: 16516316 | AA11: 5.207755e+08 | AB11: 5830261314 | AC11: 1.0660711e+10 | AD11: 0.00096993538 | AE11: =SUMIFS(PGĐ!$H:$H,PGĐ!$F:$F,"="&'HQ2'!B11,PGĐ!$I:$I,"="&'HQ2'!A11) -> 1754210976 | AG11: =SUMIFS(ĐMCP!$Q:$Q,ĐMCP!$P:$P,"="&'HQ2'!B11,ĐMCP!$O:$O,"="&'HQ2'!A11) -> 5.8302613e+09 | AH11: =IF(AG11=0,0,AG11-AB11) -> 0.38712883
A12: BV Sài Gòn | B12: BH Trách nhiệm | C12: 7133918677 | E12: 7133918677 | F12: 4.2803512e+09 | G12: 3.2188015e+09 | H12: 1.0615497e+08 | I12: 4.1741962e+09 | J12: -5658255 | M12: -5658255 | N12: -3394953 | O12: 3771404320 | R12: 3771404320 | S12: 2262842592 | T12: 3515766690 | W12: 3515766690 | X12: 2109460014 | Y12: 153382578 | Z12: 149987625 | AA12: 1.2841054e+08 | AB12: 986070941 | AC12: 2.9097271e+09 | AD12: 0.035932097 | AE12: =SUMIFS(PGĐ!$H:$H,PGĐ!$F:$F,"="&'HQ2'!B12,PGĐ!$I:$I,"="&'HQ2'!A12) -> 0 | AG12: =SUMIFS(ĐMCP!$Q:$Q,ĐMCP!$P:$P,"="&'HQ2'!B12,ĐMCP!$O:$O,"="&'HQ2'!A12) -> 9.8607094e+08 | AH12: =IF(AG12=0,0,AG12-AB12) -> 0.31136739
A13: BV Sài Gòn | B13: P&I | C13: 11091919355 | E13: 11091919355 | F13: 3.8821718e+09 | G13: 3.429711e+09 | H13: 1.131152e+08 | I13: 3.7690566e+09 | J13: 307257690 | M13: 307257690 | N13: 76814422 | O13: 46910961606 | P13: 39193126606 | R13: 7717835000 | S13: 9439933015 | T13: 46881096763 | U13: 39193126606 | W13: 7687970157 | X13: 9.4324668e+09 | Y13: 7466210.8 | Z13: 84280633 | AA13: 1.1646515e+08 | AB13: 923103685 | AC13: 2.6452071e+09 | AD13: 0.022361201 | AE13: =SUMIFS(PGĐ!$H:$H,PGĐ!$F:$F,"="&'HQ2'!B13,PGĐ!$I:$I,"="&'HQ2'!A13) -> 0 | AG13: =SUMIFS(ĐMCP!$Q:$Q,ĐMCP!$P:$P,"="&'HQ2'!B13,ĐMCP!$O:$O,"="&'HQ2'!A13) -> 9.2310368e+08 | AH13: =IF(AG13=0,0,AG13-AB13) -> -0.34857285
A14: BV Sài Gòn | B14: BH Kỹ thuật | C14: 3552949433 | D14: 1313603537 | E14: 2239345896 | F14: 2.8614416e+09 | G14: 2.3782224e+09 | H14: 96643846 | I14: 2.7647978e+09 | J14: 1988253976 | M14: 1988253976 | N14: 1.1929524e+09 | O14: 42074548340 | P14: 36745800000 | R14: 5328748340 | S14: 14239361904 | T14: 44167548340 | U14: 36745800000 | W14: 7421748340 | X14: 15495161904 | Y14: -1255800000 | Z14: -62847614 | AA14: 85843248 | AB14: 600184688 | AC14: 2.1416174e+09 | AD14: -0.02273136 | AE14: =SUMIFS(PGĐ!$H:$H,PGĐ!$F:$F,"="&'HQ2'!B14,PGĐ!$I:$I,"="&'HQ2'!A14) -> 16610000 | AG14: =SUMIFS(ĐMCP!$Q:$Q,ĐMCP!$P:$P,"="&'HQ2'!B14,ĐMCP!$O:$O,"="&'HQ2'!A14) -> 6.0018469e+08 | AH14: =IF(AG14=0,0,AG14-AB14) -> 0.11594069
A15: BV Sài Gòn | B15: Tàu khác | C15: 1961954335 | D15: 1002751866 | E15: 959202469 | F15: 1.704935e+09 | G15: 1.543243e+09 | H15: 32338388 | I15: 1.6725966e+09 | J15: 288649666 | M15: 288649666 | N15: 2.3091973e+08 | O15: 1852000000 | Q15: 1500000000 | R15: 352000000 | S15: 1781600000 | Y15: 1781600000 | Z15: 2.0125197e+09 | AA15: 51148049 | AB15: 625004793 | AC15: -1.016076e+09 | AD15: 1.2032308 | AE15: =SUMIFS(PGĐ!$H:$H,PGĐ!$F:$F,"="&'HQ2'!B15,PGĐ!$I:$I,"="&'HQ2'!A15) -> 33430000 | AG15: =SUMIFS(ĐMCP!$Q:$Q,ĐMCP!$P:$P,"="&'HQ2'!B15,ĐMCP!$O:$O,"="&'HQ2'!A15) -> 6.2500479e+08 | AH15: =IF(AG15=0,0,AG15-AB15) -> 0.11227274
A16: BV Sài Gòn | B16: Hull (Thân tàu biển) | C16: 2562545641 | D16: 19902663 | E16: 2542642978 | F16: 1.4170626e+09 | G16: 1.7820105e+09 | H16: -91236964 | I16: 1.5082996e+09 | J16: 242910781 | M16: 242910781 | N16: 1.2145539e+08 | O16: 8799487400 | R16: 8799487400 | S16: 4399743700 | T16: 8884440600 | W16: 8884440600 | X16: 4442220300 | Y16: -42476600 | Z16: 78978790 | AA16: 42511879 | AB16: 342683779 | AC16: 1.0441251e+09 | AD16: 0.0523628 | AE16: =SUMIFS(PGĐ!$H:$H,PGĐ!$F:$F,"="&'HQ2'!B16,PGĐ!$I:$I,"="&'HQ2'!A16) -> 771190412 | AG16: =SUMIFS(ĐMCP!$Q:$Q,ĐMCP!$P:$P,"="&'HQ2'!B16,ĐMCP!$O:$O,"="&'HQ2'!A16) -> 3.4268378e+08 | AH16: =IF(AG16=0,0,AG16-AB16) -> 0.17529619
A17: BV Hải Phòng | B17: Total | C17: 95631239628 | D17: 8073629760 | E17: 87557609868 | F17: 4.4621696e+10 | G17: 4.6549936e+10 | H17: 4.5905384e+08 | I17: 4.4162643e+10 | J17: 26771534050 | K17: 360596642 | M17: 26410937408 | N17: 9.3866027e+09 | O17: 1.0852459e+11 | P17: 828728967 | Q17: 4453003283 | R17: 1.0324286e+11 | S17: 4.5175179e+10 | T17: 1.1814472e+11 | U17: 1071161654 | V17: 4268138308 | W17: 1.1280542e+11 | X17: 4.5828311e+10 | Y17: -6.5313247e+08 | Z17: 8.7334702e+09 | AA17: 1.3386509e+09 | AB17: 13991865550 | AC17: 2.0098656e+10 | AD17: 0.19775697 | AE17: =SUMIFS(PGĐ!$H:$H,PGĐ!$F:$F,"="&'HQ2'!B17,PGĐ!$I:$I,"="&'HQ2'!A17) -> 0 | AG17: =SUMIFS(ĐMCP!$Q:$Q,ĐMCP!$P:$P,"="&'HQ2'!B17,ĐMCP!$O:$O,"="&'HQ2'!A17) -> 0 | AH17: =IF(AG17=0,0,AG17-AB17) -> 0
A18: BV Hải Phòng | B18: P&I | C18: 63029965102 | E18: 63029965102 | F18: 2.2060488e+10 | G18: 1.9685707e+10 | H18: 5.9369532e+08 | I18: 2.1466792e+10 | J18: 16525591421 | M18: 16525591421 | N18: 4.1313979e+09 | O18: 5.1673104e+10 | R18: 5.1673104e+10 | S18: 1.2918276e+10 | T18: 6.6330446e+10 | W18: 6.6330446e+10 | X18: 1.6582611e+10 | Y18: -3.6643355e+09 | Z18: 4.6706238e+08 | AA18: 6.6181463e+08 | AB18: 7647704793 | AC18: 1.2690211e+10 | AD18: 0.021757437 | AE18: =SUMIFS(PGĐ!$H:$H,PGĐ!$F:$F,"="&'HQ2'!B18,PGĐ!$I:$I,"="&'HQ2'!A18) -> -52762000 | AG18: =SUMIFS(ĐMCP!$Q:$Q,ĐMCP!$P:$P,"="&'HQ2'!B18,ĐMCP!$O:$O,"="&'HQ2'!A18) -> 7.6477048e+09 | AH18: =IF(AG18=0,0,AG18-AB18) -> -0.36394024
A19: BV Hải Phòng | B19: Hull (Thân tàu biển) | C19: 16677456590 | D19: 106738476 | E19: 16570718114 | F19: 9.2136954e+09 | G19: 7.848354e+09 | H19: 3.4133537e+08 | I19: 8.8723601e+09 | J19: 7447941515 | M19: 7447941515 | N19: 3.7239708e+09 | O19: 33013564585 | Q19: 170000000 | R19: 32843564585 | S19: 1.6591782e+10 | T19: 29896296196 | V19: 204000000 | W19: 29692296196 | X19: 15050148098 | Y19: 1.5416342e+09 | Z19: 5265604952 | AA19: 2.7641086e+08 | AB19: 2652268203 | AC19: 6.7807605e+08 | AD19: 0.59348414 | AE19: =SUMIFS(PGĐ!$H:$H,PGĐ!$F:$F,"="&'HQ2'!B19,PGĐ!$I:$I,"="&'HQ2'!A19) -> 612351357 | AG19: =SUMIFS(ĐMCP!$Q:$Q,ĐMCP!$P:$P,"="&'HQ2'!B19,ĐMCP!$O:$O,"="&'HQ2'!A19) -> 2.6522682e+09 | AH19: =IF(AG19=0,0,AG19-AB19) -> 0.16438198
A20: BV Hải Phòng | B20: BH Hàng hóa | C20: 6741787112 | D20: 3971136587 | E20: 2770650525 | F20: 5.9295331e+09 | G20: 1.2111794e+10 | H20: -6.1822609e+08 | I20: 6.5477592e+09 | J20: 1511199360 | M20: 1511199360 | N20: 906719616 | O20: 5.1510104e+09 | Q20: 1585003283 | R20: 3.5660071e+09 | S20: 3.7246076e+09 | T20: 6.3507772e+09 | V20: 2001138308 | W20: 4.3496389e+09 | X20: 4.6109216e+09 | Y20: -8.8631408e+08 | Z20: 20405535 | AA20: 1.7788599e+08 | AB20: 2082597460 | AC20: 4.2668702e+09 | AD20: 0.003116415 | AE20: =SUMIFS(PGĐ!$H:$H,PGĐ!$F:$F,"="&'HQ2'!B20,PGĐ!$I:$I,"="&'HQ2'!A20) -> 288567278 | AG20: =SUMIFS(ĐMCP!$Q:$Q,ĐMCP!$P:$P,"="&'HQ2'!B20,ĐMCP!$O:$O,"="&'HQ2'!A20) -> 2.0825975e+09 | AH20: =IF(AG20=0,0,AG20-AB20) -> 0.10198116
A21: BV Hải Phòng | B21: BH Tài sản | C21: 3792615206 | D21: 968041854 | E21: 2824573352 | F21: 2.9162019e+09 | G21: 3.8630435e+09 | H21: -1.4202623e+08 | I21: 3.0582282e+09 | J21: 360596642 | K21: 360596642 | M21: 0 | N21: 33064740 | O21: 348853558 | P21: 146353558 | R21: 202500000 | S21: 157518070 | T21: 479661654 | U21: 244161654 | V21: 63000000 | W21: 172500000 | X21: 1.9856859e+08 | Y21: -41050524 | Z21: -7985784.3 | AA21: 87486058 | AB21: 434276382 | AC21: 2.5444515e+09 | AD21: -0.0026112454 | AE21: =SUMIFS(PGĐ!$H:$H,PGĐ!$F:$F,"="&'HQ2'!B21,PGĐ!$I:$I,"="&'HQ2'!A21) -> 109894000 | AG21: =SUMIFS(ĐMCP!$Q:$Q,ĐMCP!$P:$P,"="&'HQ2'!B21,ĐMCP!$O:$O,"="&'HQ2'!A21) -> 4.3427638e+08 | AH21: =IF(AG21=0,0,AG21-AB21) -> 0.073113024
A22: BV Hải Phòng | B22: Tàu khác | C22: 2291236287 | D22: 2055620933 | E22: 235615354 | F22: 2.1104979e+09 | G22: 1427553948 | H22: 1.3658878e+08 | I22: 1.9739091e+09 | J22: 178633174 | M22: 178633174 | N22: 1.4290654e+08 | O22: 979934792 | Q22: 630000000 | R22: 349934792 | S22: 9.0994783e+08 | Y22: 9.0994783e+08 | Z22: 1.0528544e+09 | AA22: 63314936 | AB22: 789892340 | AC22: 67847426 | AD22: 0.53338545 | AE22: =SUMIFS(PGĐ!$H:$H,PGĐ!$F:$F,"="&'HQ2'!B22,PGĐ!$I:$I,"="&'HQ2'!A22) -> 71085000 | AG22: =SUMIFS(ĐMCP!$Q:$Q,ĐMCP!$P:$P,"="&'HQ2'!B22,ĐMCP!$O:$O,"="&'HQ2'!A22) -> 7.8989234e+08 | AH22: =IF(AG22=0,0,AG22-AB22) -> -0.29183292
A23: BV Hải Phòng | B23: BH Kỹ thuật | C23: 2553265019 | D23: 972091910 | E23: 1581173109 | F23: 2.0643317e+09 | G23: 1.365261e+09 | H23: 1.3981414e+08 | I23: 1.9245176e+09 | J23: 36416097 | M23: 36416097 | N23: 21849658 | O23: 1.0870785e+10 | P23: 682375409 | Q23: 2068000000 | R23: 8.1204098e+09 | S23: 6.9806431e+09 | T23: 10983185557 | U23: 827000000 | V23: 2000000000 | W23: 8156185557 | X23: 6.9234473e+09 | Y23: 57195801 | Z23: 79045459 | AA23: 61929951 | AB23: 243289342 | AC23: 1.5402528e+09 | AD23: 0.04107287 | AE23: =SUMIFS(PGĐ!$H:$H,PGĐ!$F:$F,"="&'HQ2'!B23,PGĐ!$I:$I,"="&'HQ2'!A23) -> 47744984 | AG23: =SUMIFS(ĐMCP!$Q:$Q,ĐMCP!$P:$P,"="&'HQ2'!B23,ĐMCP!$O:$O,"="&'HQ2'!A23) -> 2.4328934e+08 | AH23: =IF(AG23=0,0,AG23-AB23) -> 0.12297034
A24: BV Hải Phòng | B24: BH Trách nhiệm | C24: 544914312 | E24: 544914312 | F24: 3.2694859e+08 | G24: 2.482231e+08 | H24: 7872548.6 | I24: 3.1907604e+08 | J24: 711155841 | M24: 711155841 | N24: 4.266935e+08 | O24: 6487340107 | R24: 6487340107 | S24: 3.8924041e+09 | T24: 4104357144 | W24: 4104357144 | X24: 2.4626143e+09 | Y24: 1.4297898e+09 | Z24: 1.8564833e+09 | AA24: 9808457.6 | AB24: 141837030 | AC24: -1.6890527e+09 | AD24: 5.8183099 | AE24: =SUMIFS(PGĐ!$H:$H,PGĐ!$F:$F,"="&'HQ2'!B24,PGĐ!$I:$I,"="&'HQ2'!A24) -> 162758426 | AG24: =SUMIFS(ĐMCP!$Q:$Q,ĐMCP!$P:$P,"="&'HQ2'!B24,ĐMCP!$O:$O,"="&'HQ2'!A24) -> 1.4183703e+08 | AH24: =IF(AG24=0,0,AG24-AB24) -> -0.46342018
A25: TSC-Ban BH Tài sản kỹ thuật | B25: Total | C25: 46095228250 | E25: 46095228250 | F25: 3.2249589e+10 | H25: 6.4749235e+09 | I25: 2.5774665e+10 | AA25: 9.6748766e+08 | AC25: 2.4807177e+10 | AE25: =SUMIFS(PGĐ!$H:$H,PGĐ!$F:$F,"="&'HQ2'!B25,PGĐ!$I:$I,"="&'HQ2'!A25) -> 0 | AG25: =SUMIFS(ĐMCP!$Q:$Q,ĐMCP!$P:$P,"="&'HQ2'!B25,ĐMCP!$O:$O,"="&'HQ2'!A25) -> 0 | AH25: =IF(AG25=0,0,AG25-AB25) -> 0
A26: TSC-Ban BH Tài sản kỹ thuật | B26: BH Kỹ thuật | C26: 46931617176 | E26: 46931617176 | F26: 3.2852132e+10 | H26: 6.5704264e+09 | I26: 2.6281706e+10 | AA26: 9.8556396e+08 | AC26: 2.5296142e+10 | AE26: =SUMIFS(PGĐ!$H:$H,PGĐ!$F:$F,"="&'HQ2'!B26,PGĐ!$I:$I,"="&'HQ2'!A26) -> 0 | AG26: =SUMIFS(ĐMCP!$Q:$Q,ĐMCP!$P:$P,"="&'HQ2'!B26,ĐMCP!$O:$O,"="&'HQ2'!A26) -> 0 | AH26: =IF(AG26=0,0,AG26-AB26) -> 0
A27: TSC-Ban BH Tài sản kỹ thuật | B27: BH Trách nhiệm | C27: 170712000 | E27: 170712000 | F27: 102427200 | H27: 10242720 | I27: 92184480 | AA27: 3072816 | AC27: 89111664 | AE27: =SUMIFS(PGĐ!$H:$H,PGĐ!$F:$F,"="&'HQ2'!B27,PGĐ!$I:$I,"="&'HQ2'!A27) -> 0 | AG27: =SUMIFS(ĐMCP!$Q:$Q,ĐMCP!$P:$P,"="&'HQ2'!B27,ĐMCP!$O:$O,"="&'HQ2'!A27) -> 0 | AH27: =IF(AG27=0,0,AG27-AB27) -> 0
A28: TSC-Ban BH Tài sản kỹ thuật | B28: BH Tài sản | C28: -1007100926 | E28: -1007100926 | F28: -7.0497065e+08 | H28: -1.057456e+08 | I28: -5.9922505e+08 | AA28: -21149119 | AC28: -5.7807593e+08 | AE28: =SUMIFS(PGĐ!$H:$H,PGĐ!$F:$F,"="&'HQ2'!B28,PGĐ!$I:$I,"="&'HQ2'!A28) -> 0 | AG28: =SUMIFS(ĐMCP!$Q:$Q,ĐMCP!$P:$P,"="&'HQ2'!B28,ĐMCP!$O:$O,"="&'HQ2'!A28) -> 0 | AH28: =IF(AG28=0,0,AG28-AB28) -> 0
A29: TSC-Ban BH Dự án (Non-Fronting) | B29: Total | C29: 42634852815 | D29: 319866357 | E29: 42314986458 | F29: 2.9757972e+10 | H29: 4.8443133e+09 | I29: 2.4913659e+10 | J29: 81017838566 | M29: 81017838566 | N29: 4.8314531e+10 | O29: 1.0311381e+11 | Q29: 60000000 | R29: 1.0305381e+11 | S29: 5.7420352e+10 | T29: 1.3387629e+11 | V29: 60000000 | W29: 1.3381629e+11 | X29: 7.4645593e+10 | Y29: -1.7225241e+10 | Z29: 3.108929e+10 | AA29: 8.9273917e+08 | AB29: 5.0419793e+09 | AC29: -1.2110349e+10 | AD29: 1.2478813 | AE29: =SUMIFS(PGĐ!$H:$H,PGĐ!$F:$F,"="&'HQ2'!B29,PGĐ!$I:$I,"="&'HQ2'!A29) -> 0 | AG29: =SUMIFS(ĐMCP!$Q:$Q,ĐMCP!$P:$P,"="&'HQ2'!B29,ĐMCP!$O:$O,"="&'HQ2'!A29) -> 0 | AH29: =IF(AG29=0,0,AG29-AB29) -> 0
A30: TSC-Ban BH Dự án (Non-Fronting) | B30: BH Kỹ thuật | C30: 20171112614 | D30: 1371812 | E30: 20169740802 | F30: 1.412017e+10 | H30: 2.824034e+09 | I30: 1.1296136e+10 | J30: 5174014718 | M30: 5174014718 | N30: 3.1044088e+09 | O30: 1.1817934e+10 | R30: 1.1817934e+10 | S30: 7.0907604e+09 | T30: 1.596283e+10 | W30: 1.596283e+10 | X30: 9.5776981e+09 | Y30: -2.4869376e+09 | Z30: 6.174712e+08 | AA30: 4.2360509e+08 | AB30: 315125440 | AC30: 9.9399341e+09 | AD30: 0.054662162 | AE30: =SUMIFS(PGĐ!$H:$H,PGĐ!$F:$F,"="&'HQ2'!B30,PGĐ!$I:$I,"="&'HQ2'!A30) -> 0 | AG30: =SUMIFS(ĐMCP!$Q:$Q,ĐMCP!$P:$P,"="&'HQ2'!B30,ĐMCP!$O:$O,"="&'HQ2'!A30) -> 3.1512544e+08 | AH30: =IF(AG30=0,0,AG30-AB30) -> -0.019999981
A31: TSC-Ban BH Dự án (Non-Fronting) | B31: BH Tài sản | C31: 12920949568 | D31: 315986218 | E31: 12604963350 | F31: 9.129981e+09 | H31: 1.3694971e+09 | I31: 7.7604838e+09 | J31: 5923446619 | M31: 5923446619 | N31: 3.2578956e+09 | O31: 8.9438734e+10 | R31: 8.9438734e+10 | S31: 4.9191304e+10 | T31: 1.1408365e+11 | W31: 1.1408365e+11 | X31: 6.2746009e+10 | Y31: -1.3554705e+10 | Z31: -1.029681e+10 | AA31: 2.7389943e+08 | AB31: 3317863841 | AC31: 1.446553e+10 | AD31: -1.3268257 | AE31: =SUMIFS(PGĐ!$H:$H,PGĐ!$F:$F,"="&'HQ2'!B31,PGĐ!$I:$I,"="&'HQ2'!A31) -> 0 | AG31: =SUMIFS(ĐMCP!$Q:$Q,ĐMCP!$P:$P,"="&'HQ2'!B31,ĐMCP!$O:$O,"="&'HQ2'!A31) -> 3.3178638e+09 | AH31: =IF(AG31=0,0,AG31-AB31) -> -0.27999973
A32: TSC-Ban BH Dự án (Non-Fronting) | B32: BH Trách nhiệm | C32: 5633747786 | E32: 5633747786 | F32: 3.3802487e+09 | H32: 3.3802487e+08 | I32: 3.0422238e+09 | J32: 91397591 | M32: 91397591 | N32: 54838555 | T32: 1609911000 | W32: 1609911000 | X32: 965946600 | Y32: -965946600 | Z32: -9.1110805e+08 | AA32: 1.0140746e+08 | AB32: 5.1083841e+08 | AC32: 3.341086e+09 | AD32: -0.29948751 | AE32: =SUMIFS(PGĐ!$H:$H,PGĐ!$F:$F,"="&'HQ2'!B32,PGĐ!$I:$I,"="&'HQ2'!A32) -> 0 | AG32: =SUMIFS(ĐMCP!$Q:$Q,ĐMCP!$P:$P,"="&'HQ2'!B32,ĐMCP!$O:$O,"="&'HQ2'!A32) -> 5.1083841e+08 | AH32: =IF(AG32=0,0,AG32-AB32) -> 5.9604645e-08
A33: TSC-Ban BH Dự án (Non-Fronting) | B33: BH Hàng hóa | C33: 3909042847 | D33: 2508327 | E33: 3906534520 | F33: 3.1275729e+09 | H33: 3.1275729e+08 | I33: 2.8148156e+09 | J33: 69828979638 | M33: 69828979638 | N33: 4.1897388e+10 | O33: 1.8571462e+09 | Q33: 60000000 | R33: 1.7971462e+09 | S33: 1.1382877e+09 | T33: 2.2198992e+09 | V33: 60000000 | W33: 2.1598992e+09 | X33: 1.3559395e+09 | Y33: -2.1765175e+08 | Z33: 4.1679736e+10 | AA33: 93827187 | AB33: 898151560 | AC33: -3.9856899e+10 | AD33: 14.80727 | AE33: =SUMIFS(PGĐ!$H:$H,PGĐ!$F:$F,"="&'HQ2'!B33,PGĐ!$I:$I,"="&'HQ2'!A33) -> 0 | AG33: =SUMIFS(ĐMCP!$Q:$Q,ĐMCP!$P:$P,"="&'HQ2'!B33,ĐMCP!$O:$O,"="&'HQ2'!A33) -> 8.9815156e+08 | AH33: =IF(AG33=0,0,AG33-AB33) -> 0.0200001
A34: BV Đình Vũ | B34: Total | C34: 53600268295 | D34: 1750475125 | E34: 51849793170 | F34: 2.3754608e+10 | G34: 13519223689 | H34: 2.2670981e+09 | I34: 2.148751e+10 | J34: 15343971176 | M34: 15343971176 | N34: 4.0924873e+09 | O34: 75988605175 | P34: 52871853844 | R34: 23116751331 | S34: 1.8458217e+10 | T34: 27186305650 | U34: 377853844 | W34: 26808451806 | X34: 8.6727746e+09 | Y34: 9.7854427e+09 | Z34: 1.387793e+10 | AA34: 7.1263823e+08 | AB34: 6136329392 | AC34: 7.6061198e+08 | AD34: 0.64586033 | AE34: =SUMIFS(PGĐ!$H:$H,PGĐ!$F:$F,"="&'HQ2'!B34,PGĐ!$I:$I,"="&'HQ2'!A34) -> 0 | AG34: =SUMIFS(ĐMCP!$Q:$Q,ĐMCP!$P:$P,"="&'HQ2'!B34,ĐMCP!$O:$O,"="&'HQ2'!A34) -> 0 | AH34: =IF(AG34=0,0,AG34-AB34) -> 0
A35: BV Đình Vũ | B35: P&I | C35: 36185320317 | E35: 36185320317 | F35: 1.2664862e+10 | G35: 7.1849017e+09 | H35: 1.3699901e+09 | I35: 1.1294872e+10 | J35: 14426487285 | M35: 14426487285 | N35: 3.6066218e+09 | O35: 65878341616 | P35: 52494000000 | R35: 13384341616 | S35: 13383725614 | T35: 19718035715 | W35: 19718035715 | X35: 4.9295089e+09 | Y35: 8.4542167e+09 | Z35: 1.2060839e+10 | AA35: 3.7994586e+08 | AB35: 3633601724 | AC35: -4.7795141e+09 | AD35: 1.0678154 | AE35: =SUMIFS(PGĐ!$H:$H,PGĐ!$F:$F,"="&'HQ2'!B35,PGĐ!$I:$I,"="&'HQ2'!A35) -> 0 | AG35: =SUMIFS(ĐMCP!$Q:$Q,ĐMCP!$P:$P,"="&'HQ2'!B35,ĐMCP!$O:$O,"="&'HQ2'!A35) -> 3.6336017e+09 | AH35: =IF(AG35=0,0,AG35-AB35) -> -0.0037899017
A36: BV Đình Vũ | B36: Hull (Thân tàu biển) | C36: 11180926806 | D36: 248250000 | E36: 10932676806 | F36: 6.245086e+09 | G36: 3.8039024e+09 | H36: 6.102959e+08 | I36: 5.6347901e+09 | J36: 646248343 | M36: 646248343 | N36: 3.2312417e+08 | O36: 7875974680 | R36: 7875974680 | S36: 3937987340 | T36: 5233981056 | W36: 5233981056 | X36: 2616990528 | Y36: 1320996812 | Z36: 1.644121e+09 | AA36: 1.8735258e+08 | AB36: 1435361546 | AC36: 2.367955e+09 | AD36: 0.29178034 | AE36: =SUMIFS(PGĐ!$H:$H,PGĐ!$F:$F,"="&'HQ2'!B36,PGĐ!$I:$I,"="&'HQ2'!A36) -> 93663583 | AG36: =SUMIFS(ĐMCP!$Q:$Q,ĐMCP!$P:$P,"="&'HQ2'!B36,ĐMCP!$O:$O,"="&'HQ2'!A36) -> 1.4353615e+09 | AH36: =IF(AG36=0,0,AG36-AB36) -> 0.21853971
A37: BV Đình Vũ | B37: BH Hàng hóa | C37: 2335925467 | D37: 1058190376 | E37: 1277735091 | F37: 2.0115961e+09 | G37: 875582556 | H37: 1.1360135e+08 | I37: 1.8979947e+09 | O37: 159500000 | R37: 159500000 | S37: 95700000 | T37: 159500000 | W37: 159500000 | X37: 95700000 | Y37: 0 | Z37: 0 | AA37: 60347882 | AB37: 549861480 | AC37: 1.2877854e+09 | AD37: 0 | AE37: =SUMIFS(PGĐ!$H:$H,PGĐ!$F:$F,"="&'HQ2'!B37,PGĐ!$I:$I,"="&'HQ2'!A37) -> 12400000 | AG37: =SUMIFS(ĐMCP!$Q:$Q,ĐMCP!$P:$P,"="&'HQ2'!B37,ĐMCP!$O:$O,"="&'HQ2'!A37) -> 5.4986148e+08 | AH37: =IF(AG37=0,0,AG37-AB37) -> -0.2385534
A38: BV Đình Vũ | B38: BH Tài sản | C38: 2662954115 | D38: 299319220 | E38: 2363634895 | F38: 1.9448841e+09 | G38: 7.7941099e+08 | H38: 1.7482096e+08 | I38: 1.7700631e+09 | O38: 377853844 | P38: 377853844 | R38: 0 | S38: 22643310 | T38: 377853844 | U38: 377853844 | W38: 0 | X38: 12414084 | Y38: 10229225 | Z38: 10229225 | AA38: 58346522 | AB38: 430755508 | AC38: 1.2707319e+09 | AD38: 0.0057790174 | AE38: =SUMIFS(PGĐ!$H:$H,PGĐ!$F:$F,"="&'HQ2'!B38,PGĐ!$I:$I,"="&'HQ2'!A38) -> 37195000 | AG38: =SUMIFS(ĐMCP!$Q:$Q,ĐMCP!$P:$P,"="&'HQ2'!B38,ĐMCP!$O:$O,"="&'HQ2'!A38) -> 4.3075551e+08 | AH38: =IF(AG38=0,0,AG38-AB38) -> 0.025185943
A39: BV Đình Vũ | B39: BH Kỹ thuật | C39: 923617828 | D39: 88609729 | E39: 835008099 | F39: 6.7178625e+08 | G39: 7.6885878e+08 | H39: -19414505 | I39: 6.9120076e+08 | J39: 271235548 | M39: 271235548 | N39: 1.6274133e+08 | O39: 1696935035 | R39: 1696935035 | S39: 1018161021 | T39: 1696935035 | W39: 1696935035 | X39: 1018161021 | Y39: 0 | Z39: 1.6274133e+08 | AA39: 20153588 | AB39: 17418663 | AC39: 4.9088718e+08 | AD39: 0.23544727 | AE39: =SUMIFS(PGĐ!$H:$H,PGĐ!$F:$F,"="&'HQ2'!B39,PGĐ!$I:$I,"="&'HQ2'!A39) -> 125650000 | AG39: =SUMIFS(ĐMCP!$Q:$Q,ĐMCP!$P:$P,"="&'HQ2'!B39,ĐMCP!$O:$O,"="&'HQ2'!A39) -> 17418663 | AH39: =IF(AG39=0,0,AG39-AB39) -> -0.20632212
A40: BV Đình Vũ | B40: BH Trách nhiệm | C40: 202000000 | E40: 202000000 | F40: 121200000 | G40: 79591279 | H40: 4160872.1 | I40: 1.1703913e+08 | AA40: 3636000 | AB40: 50533189 | AC40: 62869939 | AE40: =SUMIFS(PGĐ!$H:$H,PGĐ!$F:$F,"="&'HQ2'!B40,PGĐ!$I:$I,"="&'HQ2'!A40) -> 40875000 | AG40: =SUMIFS(ĐMCP!$Q:$Q,ĐMCP!$P:$P,"="&'HQ2'!B40,ĐMCP!$O:$O,"="&'HQ2'!A40) -> 50533189 | AH40: =IF(AG40=0,0,AG40-AB40) -> -0.41575692
A41: BV Đình Vũ | B41: Tàu khác | C41: 109523762 | D41: 56105800 | E41: 53417962 | F41: 95193293 | G41: 26976000 | H41: 13643459 | I41: 81549834 | AA41: 2855798.8 | AB41: 18797282 | AC41: 59896753 | AE41: =SUMIFS(PGĐ!$H:$H,PGĐ!$F:$F,"="&'HQ2'!B41,PGĐ!$I:$I,"="&'HQ2'!A41) -> 0 | AG41: =SUMIFS(ĐMCP!$Q:$Q,ĐMCP!$P:$P,"="&'HQ2'!B41,ĐMCP!$O:$O,"="&'HQ2'!A41) -> 18797282 | AH41: =IF(AG41=0,0,AG41-AB41) -> 0.40557911
A42: BV Bắc Ninh | B42: Total | C42: 26537418198 | D42: 3078785917 | E42: 23458632281 | F42: 1.9428822e+10 | G42: 1.2944045e+10 | H42: 9.4851023e+08 | I42: 1.8480312e+10 | J42: 196343705 | M42: 196343705 | N42: 132100223 | O42: 7153622464 | P42: 5539041964 | Q42: 6600000000 | R42: -4985419500 | S42: 5.4209009e+09 | T42: 7289041964 | U42: 5539041964 | V42: 6600000000 | W42: -4850000000 | X42: 5.1858901e+09 | Y42: 2.3501078e+08 | Z42: 3.67111e+08 | AA42: 5.8286467e+08 | AB42: 4920285227 | AC42: 1.2610051e+10 | AD42: 0.019864978 | AE42: =SUMIFS(PGĐ!$H:$H,PGĐ!$F:$F,"="&'HQ2'!B42,PGĐ!$I:$I,"="&'HQ2'!A42) -> 0 | AG42: =SUMIFS(ĐMCP!$Q:$Q,ĐMCP!$P:$P,"="&'HQ2'!B42,ĐMCP!$O:$O,"="&'HQ2'!A42) -> 0 | AH42: =IF(AG42=0,0,AG42-AB42) -> 0
A43: BV Bắc Ninh | B43: BH Tài sản | C43: 24855746168 | D43: 2214793661 | E43: 22640952507 | F43: 1.7997017e+10 | G43: 1.0063895e+10 | H43: 1.1899683e+09 | I43: 1.6807048e+10 | O43: 5439041964 | P43: 5439041964 | Q43: 5100000000 | R43: -5100000000 | S43: 3.8058712e+09 | T43: 5589041964 | U43: 5439041964 | V43: 5100000000 | W43: -4950000000 | X43: 3.5899329e+09 | Y43: 2.1593838e+08 | Z43: 2.1593838e+08 | AA43: 5.399105e+08 | AB43: 4473554437 | AC43: 1.1577645e+10 | AD43: 0.012848084 | AE43: =SUMIFS(PGĐ!$H:$H,PGĐ!$F:$F,"="&'HQ2'!B43,PGĐ!$I:$I,"="&'HQ2'!A43) -> 123754400 | AG43: =SUMIFS(ĐMCP!$Q:$Q,ĐMCP!$P:$P,"="&'HQ2'!B43,ĐMCP!$O:$O,"="&'HQ2'!A43) -> 4.4735544e+09 | AH43: =IF(AG43=0,0,AG43-AB43) -> 0.42126083
A44: BV Bắc Ninh | B44: BH Kỹ thuật | C44: 671674448 | D44: 326991607 | E44: 344682841 | F44: 5.6336472e+08 | G44: 1.5135846e+09 | H44: -1.9004397e+08 | I44: 7.5340869e+08 | O44: 1700000000 | P44: 100000000 | Q44: 1500000000 | R44: 100000000 | S44: 1.6033653e+09 | T44: 1700000000 | U44: 100000000 | V44: 1500000000 | W44: 100000000 | X44: 1.5959573e+09 | Y44: 7408002.7 | Z44: 7408002.7 | AA44: 16900942 | AB44: 106741885 | AC44: 6.2235786e+08 | AD44: 0.0098326483 | AE44: =SUMIFS(PGĐ!$H:$H,PGĐ!$F:$F,"="&'HQ2'!B44,PGĐ!$I:$I,"="&'HQ2'!A44) -> 0 | AG44: =SUMIFS(ĐMCP!$Q:$Q,ĐMCP!$P:$P,"="&'HQ2'!B44,ĐMCP!$O:$O,"="&'HQ2'!A44) -> 1.0674188e+08 | AH44: =IF(AG44=0,0,AG44-AB44) -> -0.3911486
A45: BV Bắc Ninh | B45: BH Hàng hóa | C45: 595859015 | D45: 537000649 | E45: 58858366 | F45: 5.491823e+08 | G45: 7.7779124e+08 | H45: -22860894 | I45: 5.7204319e+08 | J45: 124873705 | M45: 124873705 | N45: 74924223 | Z45: 74924223 | AA45: 16475469 | AB45: 207856088 | AC45: 2.7278741e+08 | AD45: 0.13097651 | AE45: =SUMIFS(PGĐ!$H:$H,PGĐ!$F:$F,"="&'HQ2'!B45,PGĐ!$I:$I,"="&'HQ2'!A45) -> 152223259 | AG45: =SUMIFS(ĐMCP!$Q:$Q,ĐMCP!$P:$P,"="&'HQ2'!B45,ĐMCP!$O:$O,"="&'HQ2'!A45) -> 2.0785609e+08 | AH45: =IF(AG45=0,0,AG45-AB45) -> -0.093594909
A46: BV Bắc Ninh | B46: Tàu khác | C46: 353877767 | E46: 353877767 | F46: 2.8310221e+08 | G46: 299118128 | H46: -3203182.9 | I46: 2.863054e+08 | J46: 71470000 | M46: 71470000 | N46: 57176000 | O46: 14580500 | R46: 14580500 | S46: 11664400 | Y46: 11664400 | Z46: 68840400 | AA46: 8493066.4 | AB46: 121717572 | AC46: 87254358 | AD46: 0.24044395 | AE46: =SUMIFS(PGĐ!$H:$H,PGĐ!$F:$F,"="&'HQ2'!B46,PGĐ!$I:$I,"="&'HQ2'!A46) -> 0 | AG46: =SUMIFS(ĐMCP!$Q:$Q,ĐMCP!$P:$P,"="&'HQ2'!B46,ĐMCP!$O:$O,"="&'HQ2'!A46) -> 1.2171757e+08 | AH46: =IF(AG46=0,0,AG46-AB46) -> -0.24290435
A47: BV Bắc Ninh | B47: BH Trách nhiệm | C47: 60260800 | E47: 60260800 | F47: 36156480 | G47: 289656480 | H47: -25350000 | I47: 61506480 | AA47: 1084694.4 | AB47: 10415245 | AC47: 50006541 | AE47: =SUMIFS(PGĐ!$H:$H,PGĐ!$F:$F,"="&'HQ2'!B47,PGĐ!$I:$I,"="&'HQ2'!A47) -> 0 | AG47: =SUMIFS(ĐMCP!$Q:$Q,ĐMCP!$P:$P,"="&'HQ2'!B47,ĐMCP!$O:$O,"="&'HQ2'!A47) -> 10415245 | AH47: =IF(AG47=0,0,AG47-AB47) -> 0.12072105
A48: BV Bắc Ninh | B48: Hull (Thân tàu biển) | AB48: 0 | AC48: 0 | AE48: =SUMIFS(PGĐ!$H:$H,PGĐ!$F:$F,"="&'HQ2'!B48,PGĐ!$I:$I,"="&'HQ2'!A48) -> 13720000 | AG48: =SUMIFS(ĐMCP!$Q:$Q,ĐMCP!$P:$P,"="&'HQ2'!B48,ĐMCP!$O:$O,"="&'HQ2'!A48) -> 0 | AH48: =IF(AG48=0,0,AG48-AB48) -> 0
A49: BV Bắc Ninh | B49: P&I | AB49: 0 | AC49: 0 | AE49: =SUMIFS(PGĐ!$H:$H,PGĐ!$F:$F,"="&'HQ2'!B49,PGĐ!$I:$I,"="&'HQ2'!A49) -> 0 | AG49: =SUMIFS(ĐMCP!$Q:$Q,ĐMCP!$P:$P,"="&'HQ2'!B49,ĐMCP!$O:$O,"="&'HQ2'!A49) -> 0 | AH49: =IF(AG49=0,0,AG49-AB49) -> 0
A50: TSC-Ban KDBH Tàu thủy | B50: Total | C50: 40532894644 | D50: 930968305 | E50: 39601926339 | F50: 1.8961543e+10 | H50: 4.3550913e+09 | I50: 1.4606452e+10 | J50: 8477571931 | M50: 8477571931 | N50: 2.9879346e+09 | O50: 3.6523024e+11 | P50: 286170215153 | Q50: 1313146377 | R50: 7.7746881e+10 | S50: 4.8040386e+10 | T50: 3.5769011e+11 | U50: 286759128673 | V50: 1345700000 | W50: 6.9585282e+10 | X50: 4.2186763e+10 | Y50: 5.8536227e+09 | Z50: 8.8415572e+09 | AA50: 5.6884628e+08 | AB50: 1.8187994e+09 | AC50: 3.3772487e+09 | AD50: 0.60531863 | AE50: =SUMIFS(PGĐ!$H:$H,PGĐ!$F:$F,"="&'HQ2'!B50,PGĐ!$I:$I,"="&'HQ2'!A50) -> 0 | AG50: =SUMIFS(ĐMCP!$Q:$Q,ĐMCP!$P:$P,"="&'HQ2'!B50,ĐMCP!$O:$O,"="&'HQ2'!A50) -> 0 | AH50: =IF(AG50=0,0,AG50-AB50) -> 0
A51: TSC-Ban KDBH Tàu thủy | B51: Hull (Thân tàu biển) | C51: 14114425548 | E51: 14114425548 | F51: 7.7629341e+09 | H51: 1.9407335e+09 | I51: 5.8222005e+09 | J51: 2908190971 | M51: 2908190971 | N51: 1.4540955e+09 | O51: 32657343459 | Q51: 496400000 | R51: 32160943459 | S51: 1.6576872e+10 | T51: 37510128657 | V51: 545700000 | W51: 36964428657 | X51: 1.9027914e+10 | Y51: -2451042599 | Z51: -9.9694711e+08 | AA51: 2.3288802e+08 | AB51: 4.0833833e+08 | AC51: 6.1779213e+09 | AD51: -0.17123201 | AE51: =SUMIFS(PGĐ!$H:$H,PGĐ!$F:$F,"="&'HQ2'!B51,PGĐ!$I:$I,"="&'HQ2'!A51) -> 207111738 | AG51: =SUMIFS(ĐMCP!$Q:$Q,ĐMCP!$P:$P,"="&'HQ2'!B51,ĐMCP!$O:$O,"="&'HQ2'!A51) -> 4.0833833e+08 | AH51: =IF(AG51=0,0,AG51-AB51) -> -0.030000031
A52: TSC-Ban KDBH Tàu thủy | B52: P&I | C52: 22138127185 | E52: 22138127185 | F52: 7.7483445e+09 | H52: 1.9370861e+09 | I52: 5.8112584e+09 | J52: 5165112876 | M52: 5165112876 | N52: 1291278219 | O52: 1.2402755e+11 | P52: 80574215153 | R52: 4.3453332e+10 | S52: 1.7030509e+10 | T52: 1.0934376e+11 | U52: 80543128673 | W52: 2.8800628e+10 | X52: 1.3367333e+10 | Y52: 3.6631761e+09 | Z52: 4.9544543e+09 | AA52: 2.3245034e+08 | AB52: 9.5940888e+08 | AC52: -3.3505516e+08 | AD52: 0.85256136 | AE52: =SUMIFS(PGĐ!$H:$H,PGĐ!$F:$F,"="&'HQ2'!B52,PGĐ!$I:$I,"="&'HQ2'!A52) -> 0 | AG52: =SUMIFS(ĐMCP!$Q:$Q,ĐMCP!$P:$P,"="&'HQ2'!B52,ĐMCP!$O:$O,"="&'HQ2'!A52) -> 9.5940888e+08 | AH52: =IF(AG52=0,0,AG52-AB52) -> 0.025000095
A53: TSC-Ban KDBH Tàu thủy | B53: BH Hàng hóa | C53: 2160593437 | D53: 660453074 | E53: 1500140363 | F53: 1.8176359e+09 | H53: 1.8176359e+08 | I53: 1.6358723e+09 | O53: 16500000 | R53: 16500000 | S53: 9900000 | Y53: 9900000 | Z53: 9900000 | AA53: 54529077 | AB53: 2.8570125e+08 | AC53: 1.285742e+09 | AD53: 0.006051817 | AE53: =SUMIFS(PGĐ!$H:$H,PGĐ!$F:$F,"="&'HQ2'!B53,PGĐ!$I:$I,"="&'HQ2'!A53) -> 0 | AG53: =SUMIFS(ĐMCP!$Q:$Q,ĐMCP!$P:$P,"="&'HQ2'!B53,ĐMCP!$O:$O,"="&'HQ2'!A53) -> 2.8570125e+08 | AH53: =IF(AG53=0,0,AG53-AB53) -> 0.0099999905
A54: TSC-Ban KDBH Tàu thủy | B54: Tàu khác | C54: 1539776151 | D54: 224198650 | E54: 1315577501 | F54: 1.2620877e+09 | H54: 2.5241755e+08 | I54: 1.0096702e+09 | O54: 1304317222 | Q54: 816746377 | R54: 487570845 | S54: 1206803053 | Y54: 1206803053 | Z54: 1206803053 | AA54: 37862632 | AB54: 83608439 | AC54: -3.1860393e+08 | AD54: 1.1952448 | AE54: =SUMIFS(PGĐ!$H:$H,PGĐ!$F:$F,"="&'HQ2'!B54,PGĐ!$I:$I,"="&'HQ2'!A54) -> 31307000 | AG54: =SUMIFS(ĐMCP!$Q:$Q,ĐMCP!$P:$P,"="&'HQ2'!B54,ĐMCP!$O:$O,"="&'HQ2'!A54) -> 83608439 | AH54: =IF(AG54=0,0,AG54-AB54) -> 0
A55: TSC-Ban KDBH Tàu thủy | B55: BH Trách nhiệm | C55: 485800489 | E55: 485800489 | F55: 2.9148029e+08 | H55: 29148029 | I55: 2.6233226e+08 | AA55: 8744408.8 | AB55: 60597624 | AC55: 1.9299023e+08 | AE55: =SUMIFS(PGĐ!$H:$H,PGĐ!$F:$F,"="&'HQ2'!B55,PGĐ!$I:$I,"="&'HQ2'!A55) -> 0 | AG55: =SUMIFS(ĐMCP!$Q:$Q,ĐMCP!$P:$P,"="&'HQ2'!B55,ĐMCP!$O:$O,"="&'HQ2'!A55) -> 60597624 | AH55: =IF(AG55=0,0,AG55-AB55) -> -7.4505806e-09
A56: TSC-Ban KDBH Tàu thủy | B56: BH Kỹ thuật | C56: 42302455 | D56: 42302455 | F56: 41667918 | H56: 8333583.6 | I56: 33334335 | J56: 404268084 | M56: 404268084 | N56: 2.4256085e+08 | O56: 205596500000 | P56: 205596000000 | R56: 500000 | S56: 12320883004 | T56: 206216500000 | U56: 206216000000 | V56: 800000000 | W56: -799500000 | X56: 7.250667e+09 | Y56: 5.070216e+09 | Z56: 5.3127768e+09 | AA56: 1250037.5 | AB56: 11534870 | AC56: -5.2922274e+09 | AD56: 159.37852 | AE56: =SUMIFS(PGĐ!$H:$H,PGĐ!$F:$F,"="&'HQ2'!B56,PGĐ!$I:$I,"="&'HQ2'!A56) -> 2060709798 | AG56: =SUMIFS(ĐMCP!$Q:$Q,ĐMCP!$P:$P,"="&'HQ2'!B56,ĐMCP!$O:$O,"="&'HQ2'!A56) -> 11534870 | AH56: =IF(AG56=0,0,AG56-AB56) -> 0
A57: TSC-Ban KDBH Tàu thủy | B57: BH Tài sản | C57: 51869379 | D57: 4014126 | E57: 47855253 | F57: 37392379 | H57: 5608856.9 | I57: 31783522 | O57: 1628034388 | R57: 1628034388 | S57: 8.9541891e+08 | T57: 4619725000 | W57: 4619725000 | X57: 2540848750 | Y57: -1.6454298e+09 | Z57: -1.6454298e+09 | AA57: 1121771.4 | AB57: 9609968.8 | AC57: 1.6664816e+09 | AD57: -51.769902 | AE57: =SUMIFS(PGĐ!$H:$H,PGĐ!$F:$F,"="&'HQ2'!B57,PGĐ!$I:$I,"="&'HQ2'!A57) -> 0 | AG57: =SUMIFS(ĐMCP!$Q:$Q,ĐMCP!$P:$P,"="&'HQ2'!B57,ĐMCP!$O:$O,"="&'HQ2'!A57) -> 9609968.8 | AH57: =IF(AG57=0,0,AG57-AB57) -> 0
A58: BV Thành phố HCM | B58: Total | C58: 29930102224 | D58: 4349903661 | E58: 25580198563 | F58: 1.8836065e+10 | G58: 1.6645672e+10 | H58: 4.7296168e+08 | I58: 1.8363103e+10 | J58: 9272665187 | K58: 7701501426 | M58: 1571163761 | N58: 1.1548603e+09 | O58: 2.5257306e+10 | P58: 2.1932085e+09 | Q58: 2701519520 | R58: 2.0362578e+10 | S58: 1.4860307e+10 | T58: 3.7663512e+10 | U58: 9.7233865e+09 | V58: 2651019520 | W58: 2.5289106e+10 | X58: 1.7808265e+10 | Y58: -2.9479582e+09 | Z58: -1.7930979e+09 | AA58: 5.6508194e+08 | AB58: 8598647234 | AC58: 1.0992472e+10 | AD58: -0.097646783 | AE58: =SUMIFS(PGĐ!$H:$H,PGĐ!$F:$F,"="&'HQ2'!B58,PGĐ!$I:$I,"="&'HQ2'!A58) -> 0 | AG58: =SUMIFS(ĐMCP!$Q:$Q,ĐMCP!$P:$P,"="&'HQ2'!B58,ĐMCP!$O:$O,"="&'HQ2'!A58) -> 0 | AH58: =IF(AG58=0,0,AG58-AB58) -> 0
A59: BV Thành phố HCM | B59: BH Tài sản | C59: 8885872378 | D59: 1683013680 | E59: 7202858698 | F59: 6.6745244e+09 | G59: 8.1236202e+09 | H59: -2.1736437e+08 | I59: 6.8918887e+09 | J59: 8168033003 | K59: 7701501426 | M59: 466531577 | N59: 7.1811336e+08 | O59: 11321649734 | P59: 1947144000 | Q59: 1204644000 | R59: 8169861734 | S59: 6.0277371e+09 | T59: 18813899725 | U59: 9477321991 | V59: 1213644000 | W59: 8122933734 | X59: 6.2174398e+09 | Y59: -1.897027e+08 | Z59: 5.2841067e+08 | AA59: 2.0023573e+08 | AB59: 4239198290 | AC59: 1.924044e+09 | AD59: 0.076671387 | AE59: =SUMIFS(PGĐ!$H:$H,PGĐ!$F:$F,"="&'HQ2'!B59,PGĐ!$I:$I,"="&'HQ2'!A59) -> 550337397 | AG59: =SUMIFS(ĐMCP!$Q:$Q,ĐMCP!$P:$P,"="&'HQ2'!B59,ĐMCP!$O:$O,"="&'HQ2'!A59) -> 4.2391983e+09 | AH59: =IF(AG59=0,0,AG59-AB59) -> 0.15924835
A60: BV Thành phố HCM | B60: BH Hàng hóa | C60: 5242002145 | D60: 1782222354 | E60: 3459779791 | F60: 4.4342017e+09 | G60: 3.3863623e+09 | H60: 1.0478394e+08 | I60: 4.3294178e+09 | J60: 432845669 | M60: 432845669 | N60: 2.597074e+08 | O60: 9749248258 | Q60: 1471875520 | R60: 8277372738 | S60: 6.4382992e+09 | T60: 14226588756 | V60: 1345375520 | W60: 12881213236 | X60: 9.0741035e+09 | Y60: -2.6358043e+09 | Z60: -2.3760969e+09 | AA60: 1.3302605e+08 | AB60: 1562382619 | AC60: 5.010106e+09 | AD60: -0.54882597 | AE60: =SUMIFS(PGĐ!$H:$H,PGĐ!$F:$F,"="&'HQ2'!B60,PGĐ!$I:$I,"="&'HQ2'!A60) -> 223532960 | AG60: =SUMIFS(ĐMCP!$Q:$Q,ĐMCP!$P:$P,"="&'HQ2'!B60,ĐMCP!$O:$O,"="&'HQ2'!A60) -> 1.5623826e+09 | AH60: =IF(AG60=0,0,AG60-AB60) -> -0.32213116
A61: BV Thành phố HCM | B61: P&I | C61: 8712036705 | E61: 8712036705 | F61: 3.0492128e+09 | G61: 2.3090635e+09 | H61: 1.8503734e+08 | I61: 2.8641755e+09 | J61: 645806840 | M61: 645806840 | N61: 161451710 | O61: 528000000 | R61: 528000000 | S61: 132000000 | T61: 901052848 | W61: 901052848 | X61: 225263212 | Y61: -93263212 | Z61: 68188498 | AA61: 91476385 | AB61: 1220395965 | AC61: 1.4841147e+09 | AD61: 0.023807374 | AE61: =SUMIFS(PGĐ!$H:$H,PGĐ!$F:$F,"="&'HQ2'!B61,PGĐ!$I:$I,"="&'HQ2'!A61) -> 0 | AG61: =SUMIFS(ĐMCP!$Q:$Q,ĐMCP!$P:$P,"="&'HQ2'!B61,ĐMCP!$O:$O,"="&'HQ2'!A61) -> 1.220396e+09 | AH61: =IF(AG61=0,0,AG61-AB61) -> 0.24073744
A62: BV Thành phố HCM | B62: BH Kỹ thuật | C62: 2420019864 | D62: 271024669 | E62: 2148995195 | F62: 1.7712559e+09 | G62: 6.9935468e+08 | H62: 2.1438025e+08 | I62: 1.5568757e+09 | J62: 17987068 | M62: 17987068 | N62: 10792241 | O62: 2.1274077e+09 | P62: 2.4606451e+08 | R62: 1.8813432e+09 | S62: 1.3748704e+09 | T62: 2.2194077e+09 | U62: 2.4606451e+08 | V62: 92000000 | W62: 1.8813432e+09 | X62: 1.4668704e+09 | Y62: -92000000 | Z62: -81207759 | AA62: 53137678 | AB62: 720618422 | AC62: 8.6432734e+08 | AD62: -0.052160722 | AE62: =SUMIFS(PGĐ!$H:$H,PGĐ!$F:$F,"="&'HQ2'!B62,PGĐ!$I:$I,"="&'HQ2'!A62) -> 0 | AG62: =SUMIFS(ĐMCP!$Q:$Q,ĐMCP!$P:$P,"="&'HQ2'!B62,ĐMCP!$O:$O,"="&'HQ2'!A62) -> 7.2061842e+08 | AH62: =IF(AG62=0,0,AG62-AB62) -> 0.1894697
A63: BV Thành phố HCM | B63: Hull (Thân tàu biển) | C63: 3088467662 | D63: 109465787 | E63: 2979001875 | F63: 1.7408015e+09 | G63: 1.1094869e+09 | H63: 1.5782866e+08 | I63: 1.5829729e+09 | O63: 672000000 | R63: 672000000 | S63: 336000000 | T63: 769500000 | W63: 769500000 | X63: 384750000 | Y63: -48750000 | Z63: -48750000 | AA63: 52224046 | AB63: 384612985 | AC63: 1.1948858e+09 | AD63: -0.030796485 | AE63: =SUMIFS(PGĐ!$H:$H,PGĐ!$F:$F,"="&'HQ2'!B63,PGĐ!$I:$I,"="&'HQ2'!A63) -> 0 | AG63: =SUMIFS(ĐMCP!$Q:$Q,ĐMCP!$P:$P,"="&'HQ2'!B63,ĐMCP!$O:$O,"="&'HQ2'!A63) -> 3.8461299e+08 | AH63: =IF(AG63=0,0,AG63-AB63) -> 0.31099874
A64: BV Thành phố HCM | B64: Tàu khác | C64: 744911619 | D64: 504177171 | E64: 240734448 | F64: 6.6399321e+08 | G64: 5.2931824e+08 | H64: 26934995 | I64: 6.3705822e+08 | O64: 155000000 | Q64: 25000000 | R64: 130000000 | S64: 129000000 | Y64: 129000000 | Z64: 129000000 | AA64: 19919796 | AB64: 255167855 | AC64: 2.3297057e+08 | AD64: 0.20249327 | AE64: =SUMIFS(PGĐ!$H:$H,PGĐ!$F:$F,"="&'HQ2'!B64,PGĐ!$I:$I,"="&'HQ2'!A64) -> 0 | AG64: =SUMIFS(ĐMCP!$Q:$Q,ĐMCP!$P:$P,"="&'HQ2'!B64,ĐMCP!$O:$O,"="&'HQ2'!A64) -> 2.5516785e+08 | AH64: =IF(AG64=0,0,AG64-AB64) -> -0.43821073
A65: BV Thành phố HCM | B65: BH Trách nhiệm | C65: 836791851 | E65: 836791851 | F65: 5.0207511e+08 | G65: 4.8846651e+08 | H65: 1360859.7 | I65: 5.0071425e+08 | J65: 7992607 | M65: 7992607 | N65: 4795564.2 | O65: 704000000 | R65: 704000000 | S65: 422400000 | T65: 733063365 | W65: 733063365 | X65: 439838019 | Y65: -17438019 | Z65: -12642455 | AA65: 15062253 | AB65: 216271098 | AC65: 2.8202335e+08 | AD65: -0.025248842 | AE65: =SUMIFS(PGĐ!$H:$H,PGĐ!$F:$F,"="&'HQ2'!B65,PGĐ!$I:$I,"="&'HQ2'!A65) -> 0 | AG65: =SUMIFS(ĐMCP!$Q:$Q,ĐMCP!$P:$P,"="&'HQ2'!B65,ĐMCP!$O:$O,"="&'HQ2'!A65) -> 2.162711e+08 | AH65: =IF(AG65=0,0,AG65-AB65) -> -0.27307132
A66: BV Nam Bình Dương | B66: Total | C66: 21498206211 | D66: 4238249192 | E66: 17259957019 | F66: 1.6574719e+10 | G66: 1.1747466e+10 | H66: 5.8091696e+08 | I66: 1.5993802e+10 | J66: 1888592113 | L66: 571598823 | M66: 1316993290 | N66: 1.3591106e+09 | O66: 5.4663252e+09 | P66: 165000000 | Q66: 9.9469174e+08 | R66: 4.3066335e+09 | S66: 3.4822839e+09 | T66: 6.107514e+09 | V66: 1.4589433e+09 | W66: 4.6485707e+09 | X66: 4.0764918e+09 | Y66: -5.9420792e+08 | Z66: 7.6490266e+08 | AA66: 4.9724157e+08 | AB66: 5961472435 | AC66: 8.7701854e+09 | AD66: 0.047824942 | AE66: =SUMIFS(PGĐ!$H:$H,PGĐ!$F:$F,"="&'HQ2'!B66,PGĐ!$I:$I,"="&'HQ2'!A66) -> 0 | AG66: =SUMIFS(ĐMCP!$Q:$Q,ĐMCP!$P:$P,"="&'HQ2'!B66,ĐMCP!$O:$O,"="&'HQ2'!A66) -> 0 | AH66: =IF(AG66=0,0,AG66-AB66) -> 0
A67: BV Nam Bình Dương | B67: BH Tài sản | C67: 11392854526 | D67: 730174686 | E67: 10662679840 | F67: 8.1721453e+09 | G67: 6.2692744e+09 | H67: 2.8543064e+08 | I67: 7.8867147e+09 | J67: 53684443 | M67: 53684443 | N67: 29526444 | O67: 3.5238136e+09 | P67: 165000000 | R67: 3.3588136e+09 | S67: 1.9189002e+09 | T67: 3.4318789e+09 | W67: 3.4318789e+09 | X67: 1.8875334e+09 | Y67: 31366787 | Z67: 60893231 | AA67: 2.4516436e+08 | AB67: 2868176514 | AC67: 4.7124806e+09 | AD67: 0.0077209882 | AE67: =SUMIFS(PGĐ!$H:$H,PGĐ!$F:$F,"="&'HQ2'!B67,PGĐ!$I:$I,"="&'HQ2'!A67) -> 0 | AG67: =SUMIFS(ĐMCP!$Q:$Q,ĐMCP!$P:$P,"="&'HQ2'!B67,ĐMCP!$O:$O,"="&'HQ2'!A67) -> 2.8681765e+09 | AH67: =IF(AG67=0,0,AG67-AB67) -> -0.2032752
A68: BV Nam Bình Dương | B68: BH Hàng hóa | C68: 8626129701 | D68: 3179859852 | E68: 5446269849 | F68: 7.3301848e+09 | G68: 4450575432 | H68: 2.8796094e+08 | I68: 7.0422239e+09 | J68: 1834907670 | L68: 571598823 | M68: 1263308847 | N68: 1.3295841e+09 | O68: 1.7050919e+09 | Q68: 9.9469174e+08 | R68: 7.1040016e+08 | S68: 1.4209318e+09 | T68: 2.5182154e+09 | V68: 1.4589433e+09 | W68: 1.0592721e+09 | X68: 2.0945066e+09 | Y68: -6.7357471e+08 | Z68: 6.5600942e+08 | AA68: 2.1990555e+08 | AB68: 2735321403 | AC68: 3.4309875e+09 | AD68: 0.09315373 | AE68: =SUMIFS(PGĐ!$H:$H,PGĐ!$F:$F,"="&'HQ2'!B68,PGĐ!$I:$I,"="&'HQ2'!A68) -> 1440173378 | AG68: =SUMIFS(ĐMCP!$Q:$Q,ĐMCP!$P:$P,"="&'HQ2'!B68,ĐMCP!$O:$O,"="&'HQ2'!A68) -> 2.7353214e+09 | AH68: =IF(AG68=0,0,AG68-AB68) -> 0.0047836304
A69: BV Nam Bình Dương | B69: BH Kỹ thuật | C69: 899409691 | D69: 300744654 | E69: 598665037 | F69: 7.1529901e+08 | G69: 7.1050224e+08 | H69: 959353.32 | I69: 7.1433966e+08 | O69: 80000000 | R69: 80000000 | S69: 48000000 | Y69: 48000000 | Z69: 48000000 | AA69: 21458970 | AB69: 223434794 | AC69: 4.2144589e+08 | AD69: 0.067194925 | AE69: =SUMIFS(PGĐ!$H:$H,PGĐ!$F:$F,"="&'HQ2'!B69,PGĐ!$I:$I,"="&'HQ2'!A69) -> 0 | AG69: =SUMIFS(ĐMCP!$Q:$Q,ĐMCP!$P:$P,"="&'HQ2'!B69,ĐMCP!$O:$O,"="&'HQ2'!A69) -> 2.2343479e+08 | AH69: =IF(AG69=0,0,AG69-AB69) -> -0.30382836
A70: BV Nam Bình Dương | B70: BH Trách nhiệm | C70: 552342293 | E70: 552342293 | F70: 3.3140538e+08 | G70: 3.1711404e+08 | H70: 1429133.5 | I70: 3.2997624e+08 | O70: 157419749 | R70: 157419749 | S70: 94451849 | T70: 157419749 | W70: 157419749 | X70: 94451849 | Y70: 0 | Z70: 0 | AA70: 9942161.3 | AB70: 134539724 | AC70: 1.8549436e+08 | AD70: 0 | AE70: =SUMIFS(PGĐ!$H:$H,PGĐ!$F:$F,"="&'HQ2'!B70,PGĐ!$I:$I,"="&'HQ2'!A70) -> 0 | AG70: =SUMIFS(ĐMCP!$Q:$Q,ĐMCP!$P:$P,"="&'HQ2'!B70,ĐMCP!$O:$O,"="&'HQ2'!A70) -> 1.3453972e+08 | AH70: =IF(AG70=0,0,AG70-AB70) -> 0.24453884
A71: BV Nam Bình Dương | B71: Tàu khác | C71: 27470000 | D71: 27470000 | F71: 25684450 | H71: 5136890 | I71: 20547560 | AA71: 770533.5 | AB71: 0 | AC71: 19777026 | AE71: =SUMIFS(PGĐ!$H:$H,PGĐ!$F:$F,"="&'HQ2'!B71,PGĐ!$I:$I,"="&'HQ2'!A71) -> 0 | AG71: =SUMIFS(ĐMCP!$Q:$Q,ĐMCP!$P:$P,"="&'HQ2'!B71,ĐMCP!$O:$O,"="&'HQ2'!A71) -> 0 | AH71: =IF(AG71=0,0,AG71-AB71) -> 0
A72: BV Nam Bình Dương | B72: Hull (Thân tàu biển) | AB72: 0 | AC72: 0 | AE72: =SUMIFS(PGĐ!$H:$H,PGĐ!$F:$F,"="&'HQ2'!B72,PGĐ!$I:$I,"="&'HQ2'!A72) -> 0 | AG72: =SUMIFS(ĐMCP!$Q:$Q,ĐMCP!$P:$P,"="&'HQ2'!B72,ĐMCP!$O:$O,"="&'HQ2'!A72) -> 0 | AH72: =IF(AG72=0,0,AG72-AB72) -> 0
A73: BV Nam Bình Dương | B73: P&I | AB73: 0 | AC73: 0 | AE73: =SUMIFS(PGĐ!$H:$H,PGĐ!$F:$F,"="&'HQ2'!B73,PGĐ!$I:$I,"="&'HQ2'!A73) -> 0 | AG73: =SUMIFS(ĐMCP!$Q:$Q,ĐMCP!$P:$P,"="&'HQ2'!B73,ĐMCP!$O:$O,"="&'HQ2'!A73) -> 0 | AH73: =IF(AG73=0,0,AG73-AB73) -> 0
A74: BV Hà Nội | B74: Total | C74: 21114053213 | D74: 2188709329 | E74: 18925343884 | F74: 1.5049088e+10 | G74: 1.2211356e+10 | H74: 5.1094244e+08 | I74: 1.4538146e+10 | J74: 1964415552 | K74: 1851307895 | M74: 113107657 | N74: 175445161 | O74: 6.9543996e+10 | P74: 4.4703321e+10 | Q74: 1161099117 | R74: 2.3679576e+10 | S74: 3.466643e+10 | T74: 7.5250595e+10 | U74: 4.9047153e+10 | V74: 1074700000 | W74: 2.5128742e+10 | X74: 3.5438815e+10 | Y74: -7.7238492e+08 | Z74: -5.9693976e+08 | AA74: 4.5147265e+08 | AB74: 8025380974 | AC74: 6.658232e+09 | AD74: -0.04106024 | AE74: =SUMIFS(PGĐ!$H:$H,PGĐ!$F:$F,"="&'HQ2'!B74,PGĐ!$I:$I,"="&'HQ2'!A74) -> 0 | AG74: =SUMIFS(ĐMCP!$Q:$Q,ĐMCP!$P:$P,"="&'HQ2'!B74,ĐMCP!$O:$O,"="&'HQ2'!A74) -> 0 | AH74: =IF(AG74=0,0,AG74-AB74) -> 0
A75: BV Hà Nội | B75: BH Tài sản | C75: 9050938257 | D75: 762236797 | E75: 8288701460 | F75: 6.5414607e+09 | G75: 7.039501e+09 | H75: -74706039 | I75: 6.6161668e+09 | J75: 693284331 | K75: 626062167 | M75: 67222164 | N75: 74489658 | O75: 6.5352687e+10 | P75: 4.3041922e+10 | Q75: 903000000 | R75: 2.1407765e+10 | S75: 3.257146e+10 | T75: 6.4706074e+10 | U75: 4.3041922e+10 | V75: 903000000 | W75: 2.0761152e+10 | X75: 32154888824 | Y75: 4.1657097e+08 | Z75: 4.9106063e+08 | AA75: 1.9624382e+08 | AB75: 2815779348 | AC75: 3.113083e+09 | AD75: 0.07422132 | AE75: =SUMIFS(PGĐ!$H:$H,PGĐ!$F:$F,"="&'HQ2'!B75,PGĐ!$I:$I,"="&'HQ2'!A75) -> 107060176 | AG75: =SUMIFS(ĐMCP!$Q:$Q,ĐMCP!$P:$P,"="&'HQ2'!B75,ĐMCP!$O:$O,"="&'HQ2'!A75) -> 2.8157793e+09 | AH75: =IF(AG75=0,0,AG75-AB75) -> -0.49034691
A76: BV Hà Nội | B76: BH Kỹ thuật | C76: 4814977238 | D76: 84193205 | E76: 4730784033 | F76: 3.3944791e+09 | G76: 8.3283171e+08 | H76: 5.1232948e+08 | I76: 2.8821496e+09 | J76: 1246311193 | K76: 1225245728 | M76: 21065465 | N76: 86063486 | O76: 4031145406 | P76: 1661399117 | Q76: 211399117 | R76: 2158347172 | S76: 1.9801919e+09 | T76: 1.0429357e+10 | U76: 6005231512 | V76: 170000000 | W76: 4.2541253e+09 | X76: 3.2141478e+09 | Y76: -1.2339559e+09 | Z76: -1.1478924e+09 | AA76: 1.0183437e+08 | AB76: 3413504773 | AC76: 5.147029e+08 | AD76: -0.39827648 | AE76: =SUMIFS(PGĐ!$H:$H,PGĐ!$F:$F,"="&'HQ2'!B76,PGĐ!$I:$I,"="&'HQ2'!A76) -> 580963550 | AG76: =SUMIFS(ĐMCP!$Q:$Q,ĐMCP!$P:$P,"="&'HQ2'!B76,ĐMCP!$O:$O,"="&'HQ2'!A76) -> 3.4135048e+09 | AH76: =IF(AG76=0,0,AG76-AB76) -> -0.15290213
A77: BV Hà Nội | B77: BH Hàng hóa | C77: 3807049372 | D77: 1342279327 | E77: 2464770045 | F77: 3.2268472e+09 | G77: 1.9327559e+09 | H77: 1.2940913e+08 | I77: 3.0974381e+09 | J77: 24820028 | M77: 24820028 | N77: 14892017 | O77: 160164000 | Q77: 46700000 | R77: 113464000 | S77: 114778400 | T77: 115164000 | V77: 1700000 | W77: 113464000 | X77: 69778400 | Y77: 45000000 | Z77: 59892017 | AA77: 96805416 | AB77: 896532230 | AC77: 2.0442084e+09 | AD77: 0.019335985 | AE77: =SUMIFS(PGĐ!$H:$H,PGĐ!$F:$F,"="&'HQ2'!B77,PGĐ!$I:$I,"="&'HQ2'!A77) -> 41757604 | AG77: =SUMIFS(ĐMCP!$Q:$Q,ĐMCP!$P:$P,"="&'HQ2'!B77,ĐMCP!$O:$O,"="&'HQ2'!A77) -> 8.9653223e+08 | AH77: =IF(AG77=0,0,AG77-AB77) -> -0.073598862
A78: BV Hà Nội | B78: BH Trách nhiệm | C78: 2600496532 | E78: 2600496532 | F78: 1.5602979e+09 | G78: 2.0393345e+09 | H78: -47903654 | I78: 1.6082016e+09 | AA78: 46808938 | AB78: 784823471 | AC78: 7.7656916e+08 | AE78: =SUMIFS(PGĐ!$H:$H,PGĐ!$F:$F,"="&'HQ2'!B78,PGĐ!$I:$I,"="&'HQ2'!A78) -> 0 | AG78: =SUMIFS(ĐMCP!$Q:$Q,ĐMCP!$P:$P,"="&'HQ2'!B78,ĐMCP!$O:$O,"="&'HQ2'!A78) -> 7.8482347e+08 | AH78: =IF(AG78=0,0,AG78-AB78) -> -0.42508459
A79: BV Hà Nội | B79: P&I | C79: 681611013 | E79: 681611013 | F79: 2.3856385e+08 | G79: 2.262523e+08 | H79: 3077888.2 | I79: 2.3548597e+08 | AA79: 7156915.6 | AB79: 92395639 | AC79: 1.3593341e+08 | AE79: =SUMIFS(PGĐ!$H:$H,PGĐ!$F:$F,"="&'HQ2'!B79,PGĐ!$I:$I,"="&'HQ2'!A79) -> 0 | AG79: =SUMIFS(ĐMCP!$Q:$Q,ĐMCP!$P:$P,"="&'HQ2'!B79,ĐMCP!$O:$O,"="&'HQ2'!A79) -> 92395639 | AH79: =IF(AG79=0,0,AG79-AB79) -> -0.36442336
A80: BV Hà Nội | B80: Hull (Thân tàu biển) | C80: 158980801 | E80: 158980801 | F80: 87439441 | G80: 99760902 | H80: -3080365.5 | I80: 90519806 | AA80: 2623183.2 | AB80: 22345513 | AC80: 65551110 | AE80: =SUMIFS(PGĐ!$H:$H,PGĐ!$F:$F,"="&'HQ2'!B80,PGĐ!$I:$I,"="&'HQ2'!A80) -> 0 | AG80: =SUMIFS(ĐMCP!$Q:$Q,ĐMCP!$P:$P,"="&'HQ2'!B80,ĐMCP!$O:$O,"="&'HQ2'!A80) -> 22345513 | AH80: =IF(AG80=0,0,AG80-AB80) -> 0.28519557
A81: BV Hà Nội | B81: Tàu khác | G81: 40920000 | H81: -8184000 | I81: 8184000 | AB81: 0 | AC81: 8184000 | AE81: =SUMIFS(PGĐ!$H:$H,PGĐ!$F:$F,"="&'HQ2'!B81,PGĐ!$I:$I,"="&'HQ2'!A81) -> 0 | AG81: =SUMIFS(ĐMCP!$Q:$Q,ĐMCP!$P:$P,"="&'HQ2'!B81,ĐMCP!$O:$O,"="&'HQ2'!A81) -> 0 | AH81: =IF(AG81=0,0,AG81-AB81) -> 0
A82: BV Khánh Hòa | B82: Total | C82: 17201575431 | D82: 3686998326 | E82: 13514577105 | F82: 1.3132092e+10 | G82: 9.2632268e+09 | H82: 6.1820064e+08 | I82: 1.2513891e+10 | J82: 12121127536 | K82: 8075763941 | L82: 165142000 | M82: 3880221595 | N82: 2.9706207e+09 | O82: 6.6352543e+10 | P82: 6.4304444e+10 | Q82: 17965037074 | R82: -15916937831 | S82: 1.3958172e+10 | T82: 74080191020 | U82: 72690550889 | V82: 24342825174 | W82: -22953185043 | X82: 1.6077857e+10 | Y82: -2.1196854e+09 | Z82: 8.5093528e+08 | AA82: 3.9396276e+08 | AB82: 3394193694 | AC82: 7.8747997e+09 | AD82: 0.067999254 | AE82: =SUMIFS(PGĐ!$H:$H,PGĐ!$F:$F,"="&'HQ2'!B82,PGĐ!$I:$I,"="&'HQ2'!A82) -> 0 | AG82: =SUMIFS(ĐMCP!$Q:$Q,ĐMCP!$P:$P,"="&'HQ2'!B82,ĐMCP!$O:$O,"="&'HQ2'!A82) -> 0 | AH82: =IF(AG82=0,0,AG82-AB82) -> 0
A83: BV Khánh Hòa | B83: BH Tài sản | C83: 9701188685 | D83: 830123989 | E83: 8871064696 | F83: 7.0149656e+09 | G83: 3.8129308e+09 | H83: 4.8030522e+08 | I83: 6.5346603e+09 | J83: 12098485536 | K83: 8075763941 | L83: 142500000 | M83: 3880221595 | N83: 2.9479787e+09 | O83: 6.5262152e+10 | P83: 6.3954444e+10 | Q83: 17517537074 | R83: -16209828831 | S83: 1.3303091e+10 | T83: 73507300020 | U83: 72340550889 | V83: 24342825174 | W83: -23176076043 | X83: 1.5928134e+10 | Y83: -2.625043e+09 | Z83: 3.2293567e+08 | AA83: 2.1044897e+08 | AB83: 1067621249 | AC83: 4.9336544e+09 | AD83: 0.049418892 | AE83: =SUMIFS(PGĐ!$H:$H,PGĐ!$F:$F,"="&'HQ2'!B83,PGĐ!$I:$I,"="&'HQ2'!A83) -> 182109055 | AG83: =SUMIFS(ĐMCP!$Q:$Q,ĐMCP!$P:$P,"="&'HQ2'!B83,ĐMCP!$O:$O,"="&'HQ2'!A83) -> 1.0676212e+09 | AH83: =IF(AG83=0,0,AG83-AB83) -> -0.3598578
A84: BV Khánh Hòa | B84: BH Hàng hóa | C84: 2790840351 | D84: 378094016 | E84: 2412746335 | F84: 2.283715e+09 | G84: 2425087384 | H84: -14137241 | I84: 2.2978522e+09 | AA84: 68511449 | AB84: 837312206 | AC84: 1.3920286e+09 | AE84: =SUMIFS(PGĐ!$H:$H,PGĐ!$F:$F,"="&'HQ2'!B84,PGĐ!$I:$I,"="&'HQ2'!A84) -> 0 | AG84: =SUMIFS(ĐMCP!$Q:$Q,ĐMCP!$P:$P,"="&'HQ2'!B84,ĐMCP!$O:$O,"="&'HQ2'!A84) -> 8.3731221e+08 | AH84: =IF(AG84=0,0,AG84-AB84) -> 0.33413696
A85: BV Khánh Hòa | B85: Tàu khác | C85: 2338471688 | D85: 2338471688 | F85: 2.186471e+09 | G85: 1.7068526e+09 | H85: 95923681 | I85: 2.0905473e+09 | J85: 22642000 | L85: 22642000 | M85: 0 | N85: 22642000 | O85: 517500000 | Q85: 447500000 | R85: 70000000 | S85: 503500000 | Y85: 503500000 | Z85: 526142000 | AA85: 65594131 | AB85: 657410635 | AC85: 8.4140058e+08 | AD85: 0.25167667 | AE85: =SUMIFS(PGĐ!$H:$H,PGĐ!$F:$F,"="&'HQ2'!B85,PGĐ!$I:$I,"="&'HQ2'!A85) -> 2000000 | AG85: =SUMIFS(ĐMCP!$Q:$Q,ĐMCP!$P:$P,"="&'HQ2'!B85,ĐMCP!$O:$O,"="&'HQ2'!A85) -> 6.5741063e+08 | AH85: =IF(AG85=0,0,AG85-AB85) -> -0.32853401
A86: BV Khánh Hòa | B86: BH Kỹ thuật | C86: 1843077085 | D86: 140308633 | E86: 1702768452 | F86: 1.3301419e+09 | G86: 1.0976366e+09 | H86: 46501063 | I86: 1.2836409e+09 | O86: 572891000 | P86: 350000000 | R86: 222891000 | S86: 1.5158089e+08 | T86: 572891000 | U86: 350000000 | W86: 222891000 | X86: 1.4972328e+08 | Y86: 1857603.3 | Z86: 1857603.3 | AA86: 39904258 | AB86: 656055459 | AC86: 5.8582354e+08 | AD86: 0.0014471363 | AE86: =SUMIFS(PGĐ!$H:$H,PGĐ!$F:$F,"="&'HQ2'!B86,PGĐ!$I:$I,"="&'HQ2'!A86) -> 0 | AG86: =SUMIFS(ĐMCP!$Q:$Q,ĐMCP!$P:$P,"="&'HQ2'!B86,ĐMCP!$O:$O,"="&'HQ2'!A86) -> 6.5605546e+08 | AH86: =IF(AG86=0,0,AG86-AB86) -> 0.2141459
A87: BV Khánh Hòa | B87: BH Trách nhiệm | C87: 527997622 | E87: 527997622 | F87: 3.1679857e+08 | G87: 2.207194e+08 | H87: 9607917.8 | I87: 3.0719066e+08 | AA87: 9503957.2 | AB87: 175794145 | AC87: 1.2189255e+08 | AE87: =SUMIFS(PGĐ!$H:$H,PGĐ!$F:$F,"="&'HQ2'!B87,PGĐ!$I:$I,"="&'HQ2'!A87) -> 0 | AG87: =SUMIFS(ĐMCP!$Q:$Q,ĐMCP!$P:$P,"="&'HQ2'!B87,ĐMCP!$O:$O,"="&'HQ2'!A87) -> 1.7579414e+08 | AH87: =IF(AG87=0,0,AG87-AB87) -> -0.49160412
A88: BV Khánh Hòa | B88: Hull (Thân tàu biển) | AB88: 0 | AC88: 0 | AE88: =SUMIFS(PGĐ!$H:$H,PGĐ!$F:$F,"="&'HQ2'!B88,PGĐ!$I:$I,"="&'HQ2'!A88) -> 0 | AG88: =SUMIFS(ĐMCP!$Q:$Q,ĐMCP!$P:$P,"="&'HQ2'!B88,ĐMCP!$O:$O,"="&'HQ2'!A88) -> 0 | AH88: =IF(AG88=0,0,AG88-AB88) -> 0
A89: BV Khánh Hòa | B89: P&I | AB89: 0 | AC89: 0 | AE89: =SUMIFS(PGĐ!$H:$H,PGĐ!$F:$F,"="&'HQ2'!B89,PGĐ!$I:$I,"="&'HQ2'!A89) -> 0 | AG89: =SUMIFS(ĐMCP!$Q:$Q,ĐMCP!$P:$P,"="&'HQ2'!B89,ĐMCP!$O:$O,"="&'HQ2'!A89) -> 0 | AH89: =IF(AG89=0,0,AG89-AB89) -> 0
A90: BV Bình Dương | B90: Total | C90: 14804971411 | D90: 2020820950 | E90: 12784150461 | F90: 1.1137246e+10 | G90: 8.2999107e+09 | H90: 3.8308174e+08 | I90: 1.0754165e+10 | J90: 102990443 | L90: 15440443 | M90: 87550000 | N90: 63592943 | O90: 3.8074672e+09 | Q90: 958000000 | R90: 2.8494672e+09 | S90: 2.6550315e+09 | T90: 1.5455178e+09 | V90: 3000000 | W90: 1.5425178e+09 | X90: 9.1530195e+08 | Y90: 1.7397296e+09 | Z90: 1.8033225e+09 | AA90: 3.3411739e+08 | AB90: 3364405059 | AC90: 5.2523195e+09 | AD90: 0.16768597 | AE90: =SUMIFS(PGĐ!$H:$H,PGĐ!$F:$F,"="&'HQ2'!B90,PGĐ!$I:$I,"="&'HQ2'!A90) -> 0 | AG90: =SUMIFS(ĐMCP!$Q:$Q,ĐMCP!$P:$P,"="&'HQ2'!B90,ĐMCP!$O:$O,"="&'HQ2'!A90) -> 0 | AH90: =IF(AG90=0,0,AG90-AB90) -> 0
A91: BV Bình Dương | B91: BH Tài sản | C91: 10170000233 | D91: 891009234 | E91: 9278990999 | F91: 7.3595727e+09 | G91: 6.3888772e+09 | H91: 1.4560432e+08 | I91: 7.2139683e+09 | J91: 87550000 | M91: 87550000 | N91: 48152500 | O91: 252974950 | R91: 252974950 | S91: 1.3913622e+08 | T91: 264174950 | W91: 264174950 | X91: 1.4529622e+08 | Y91: -6160000 | Z91: 41992500 | AA91: 2.2078718e+08 | AB91: 2445778726 | AC91: 4.5054099e+09 | AD91: 0.0058209987 | AE91: =SUMIFS(PGĐ!$H:$H,PGĐ!$F:$F,"="&'HQ2'!B91,PGĐ!$I:$I,"="&'HQ2'!A91) -> 0 | AG91: =SUMIFS(ĐMCP!$Q:$Q,ĐMCP!$P:$P,"="&'HQ2'!B91,ĐMCP!$O:$O,"="&'HQ2'!A91) -> 2.4457787e+09 | AH91: =IF(AG91=0,0,AG91-AB91) -> 0.090147018
A92: BV Bình Dương | B92: BH Hàng hóa | C92: 3533621088 | D92: 818813467 | E92: 2714807621 | F92: 2.9374367e+09 | G92: 1600567292 | H92: 1.3368694e+08 | I92: 2.8037497e+09 | J92: 15440443 | L92: 15440443 | M92: 0 | N92: 15440443 | O92: 2.5025367e+09 | Q92: 3000000 | R92: 2.4995367e+09 | S92: 1.502722e+09 | T92: 1.1843874e+09 | V92: 3000000 | W92: 1.1813874e+09 | X92: 7.1183244e+08 | Y92: 7.9088959e+08 | Z92: 8.0633003e+08 | AA92: 88123101 | AB92: 634140596 | AC92: 1.275156e+09 | AD92: 0.28758987 | AE92: =SUMIFS(PGĐ!$H:$H,PGĐ!$F:$F,"="&'HQ2'!B92,PGĐ!$I:$I,"="&'HQ2'!A92) -> 334337262 | AG92: =SUMIFS(ĐMCP!$Q:$Q,ĐMCP!$P:$P,"="&'HQ2'!B92,ĐMCP!$O:$O,"="&'HQ2'!A92) -> 6.341406e+08 | AH92: =IF(AG92=0,0,AG92-AB92) -> -0.031834126
A93: BV Bình Dương | B93: BH Kỹ thuật | C93: 648975860 | D93: 9750909 | E93: 639224951 | F93: 4.5706211e+08 | G93: 134765414 | H93: 64459339 | I93: 3.9260277e+08 | O93: 96955480 | R93: 96955480 | S93: 58173288 | T93: 96955480 | W93: 96955480 | X93: 58173288 | Y93: 0 | Z93: 0 | AA93: 13711863 | AB93: 176207913 | AC93: 2.02683e+08 | AD93: 0 | AE93: =SUMIFS(PGĐ!$H:$H,PGĐ!$F:$F,"="&'HQ2'!B93,PGĐ!$I:$I,"="&'HQ2'!A93) -> 0 | AG93: =SUMIFS(ĐMCP!$Q:$Q,ĐMCP!$P:$P,"="&'HQ2'!B93,ĐMCP!$O:$O,"="&'HQ2'!A93) -> 1.7620791e+08 | AH93: =IF(AG93=0,0,AG93-AB93) -> 0.19638985
A94: BV Bình Dương | B94: Tàu khác | C94: 355409340 | D94: 301247340 | E94: 54162000 | F94: 3.2499586e+08 | G94: 1.3915845e+08 | H94: 37167482 | I94: 2.8782838e+08 | O94: 955000000 | Q94: 955000000 | R94: 0 | S94: 955000000 | Y94: 955000000 | Z94: 955000000 | AA94: 9749875.9 | AB94: 80102296 | AC94: -7.5702379e+08 | AD94: 3.3179494 | AE94: =SUMIFS(PGĐ!$H:$H,PGĐ!$F:$F,"="&'HQ2'!B94,PGĐ!$I:$I,"="&'HQ2'!A94) -> 0 | AG94: =SUMIFS(ĐMCP!$Q:$Q,ĐMCP!$P:$P,"="&'HQ2'!B94,ĐMCP!$O:$O,"="&'HQ2'!A94) -> 80102296 | AH94: =IF(AG94=0,0,AG94-AB94) -> 0.30038056
A95: BV Bình Dương | B95: BH Trách nhiệm | C95: 96964890 | E95: 96964890 | F95: 58178934 | G95: 36542400 | H95: 2163653.4 | I95: 56015281 | AA95: 1745368 | AB95: 28175528 | AC95: 26094385 | AE95: =SUMIFS(PGĐ!$H:$H,PGĐ!$F:$F,"="&'HQ2'!B95,PGĐ!$I:$I,"="&'HQ2'!A95) -> 0 | AG95: =SUMIFS(ĐMCP!$Q:$Q,ĐMCP!$P:$P,"="&'HQ2'!B95,ĐMCP!$O:$O,"="&'HQ2'!A95) -> 28175528 | AH95: =IF(AG95=0,0,AG95-AB95) -> 0.033072196
A96: BV Bình Dương | B96: Hull (Thân tàu biển) | AB96: 0 | AC96: 0 | AE96: =SUMIFS(PGĐ!$H:$H,PGĐ!$F:$F,"="&'HQ2'!B96,PGĐ!$I:$I,"="&'HQ2'!A96) -> 0 | AG96: =SUMIFS(ĐMCP!$Q:$Q,ĐMCP!$P:$P,"="&'HQ2'!B96,ĐMCP!$O:$O,"="&'HQ2'!A96) -> 0 | AH96: =IF(AG96=0,0,AG96-AB96) -> 0
A97: BV Bình Dương | B97: P&I | AB97: 0 | AC97: 0 | AE97: =SUMIFS(PGĐ!$H:$H,PGĐ!$F:$F,"="&'HQ2'!B97,PGĐ!$I:$I,"="&'HQ2'!A97) -> 0 | AG97: =SUMIFS(ĐMCP!$Q:$Q,ĐMCP!$P:$P,"="&'HQ2'!B97,ĐMCP!$O:$O,"="&'HQ2'!A97) -> 0 | AH97: =IF(AG97=0,0,AG97-AB97) -> 0
A98: TSC-Ban KDBH Hàng hóa | B98: Total | C98: 13346946569 | D98: 4318066187 | E98: 9028880382 | F98: 1.1087156e+10 | H98: 1.1848955e+09 | I98: 9.9022602e+09 | J98: 5677567166 | M98: 5677567166 | N98: 3.4042262e+09 | O98: 9.0145849e+09 | Q98: 8.9526647e+08 | R98: 8.1193184e+09 | S98: 5.750276e+09 | T98: 1.4243554e+10 | V98: 5.7239878e+09 | W98: 8.5195658e+09 | X98: 1.0806011e+10 | Y98: -5.055735e+09 | Z98: -1.6515088e+09 | AA98: 3.3261467e+08 | AB98: 2.3935511e+09 | AC98: 8.8276032e+09 | AD98: -0.16678099 | AE98: =SUMIFS(PGĐ!$H:$H,PGĐ!$F:$F,"="&'HQ2'!B98,PGĐ!$I:$I,"="&'HQ2'!A98) -> 0 | AG98: =SUMIFS(ĐMCP!$Q:$Q,ĐMCP!$P:$P,"="&'HQ2'!B98,ĐMCP!$O:$O,"="&'HQ2'!A98) -> 0 | AH98: =IF(AG98=0,0,AG98-AB98) -> 0
A99: TSC-Ban KDBH Hàng hóa | B99: BH Hàng hóa | C99: 11752986008 | D99: 4152866211 | E99: 7600119797 | F99: 9.9630257e+09 | H99: 9.9630257e+08 | I99: 8.9667232e+09 | J99: 5631285405 | M99: 5631285405 | N99: 3378771243 | O99: 8.6829537e+09 | Q99: 8.9526647e+08 | R99: 7.7876872e+09 | S99: 5.5678788e+09 | T99: 1.3649228e+10 | V99: 5.7239878e+09 | W99: 7.9252404e+09 | X99: 1.0479132e+10 | Y99: -4.9112532e+09 | Z99: -1.532482e+09 | AA99: 2.9889077e+08 | AB99: 2132727078 | AC99: 8.0675873e+09 | AD99: -0.1709077 | AE99: =SUMIFS(PGĐ!$H:$H,PGĐ!$F:$F,"="&'HQ2'!B99,PGĐ!$I:$I,"="&'HQ2'!A99) -> 489136499 | AG99: =SUMIFS(ĐMCP!$Q:$Q,ĐMCP!$P:$P,"="&'HQ2'!B99,ĐMCP!$O:$O,"="&'HQ2'!A99) -> 2.1327271e+09 | AH99: =IF(AG99=0,0,AG99-AB99) -> -0.22499967
A100: TSC-Ban KDBH Hàng hóa | B100: BH Tài sản | C100: 1189221152 | D100: 12770466 | E100: 1176450686 | F100: 8.3590283e+08 | H100: 1.2538542e+08 | I100: 7.1051741e+08 | J100: 46281761 | M100: 46281761 | N100: 25454969 | O100: 3.3163124e+08 | R100: 3.3163124e+08 | S100: 1.8239718e+08 | T100: 594325370 | W100: 594325370 | X100: 3.2687895e+08 | Y100: -1.4448177e+08 | Z100: -1.190268e+08 | AA100: 25077085 | AB100: 2.0514084e+08 | AC100: 5.9932628e+08 | AD100: -0.1675213 | AE100: =SUMIFS(PGĐ!$H:$H,PGĐ!$F:$F,"="&'HQ2'!B100,PGĐ!$I:$I,"="&'HQ2'!A100) -> 56620806 | AG100: =SUMIFS(ĐMCP!$Q:$Q,ĐMCP!$P:$P,"="&'HQ2'!B100,ĐMCP!$O:$O,"="&'HQ2'!A100) -> 2.0514084e+08 | AH100: =IF(AG100=0,0,AG100-AB100) -> 5.9604645e-08
...

Sheet Tong_hop_HQNV_2026Q1_2026-06-23
A1: Tach chi tiet HQNV | B1: don_vi_nhan_dt | C1: giam | D1: hoan | E1: paid | F1: prem | G1: osc_goc | H1: osc_ay | I1: paidnv | J1: paidnv_ay | K1: DOANH_THU_GOC | L1: BOI_THUONG | M1: UPR | N1: PREM | O1: PAID | S1: osc_ITC | T1: Lệch
A2: Con ngÆ°á»i | B2: 101008 | C2: -72962508 | D2: 0 | E2: -716276692 | F2: 3311144272 | G2: 979403721 | H2: 127207875 | I2: 0 | J2: 0 | K2: 3238181764 | L2: 716276692 | M2: 25,0% | N2: 1 | O2: 1 | P2: =VLOOKUP(B2,'CHECK_DT-BT_chi_tiet'!$A:$C,3,FALSE) -> TSC-Ban KD Bảo hiểm sức khỏe | Q2: =VLOOKUP(A2,Sheet3!$K$11:$L$21,2,FALSE) -> BH Con người | R2: =VLOOKUP(Q2,Sheet3!$L$11:$M$21,2,FALSE) -> HQ1 | S2: =SUMIFS('HQ2'!$O:$O,'HQ2'!$B:$B, "="&'Tong_hop_HQNV_2026Q1_2026-06-23'!Q2, 'HQ2'!$A:$A,"="&'Tong_hop_HQNV_2026Q1_2026-06-23'!P2) -> 0 | T2: =IFERROR(IF(R2="HQ2",S2-G2,0),0) -> 0
A3: Con ngÆ°á»i | B3: 103 | C3: -51675241 | D3: 0 | E3: -731147000 | F3: 1194968523 | G3: 0 | H3: 0 | I3: 0 | J3: 0 | K3: 1143293282 | L3: 731147000 | M3: 25,0% | N3: 1 | O3: 1 | P3: =VLOOKUP(B3,'CHECK_DT-BT_chi_tiet'!$A:$C,3,FALSE) -> BV Thăng Long | Q3: =VLOOKUP(A3,Sheet3!$K$11:$L$21,2,FALSE) -> BH Con người | R3: =VLOOKUP(Q3,Sheet3!$L$11:$M$21,2,FALSE) -> HQ1 | S3: =SUMIFS('HQ2'!$O:$O,'HQ2'!$B:$B, "="&'Tong_hop_HQNV_2026Q1_2026-06-23'!Q3, 'HQ2'!$A:$A,"="&'Tong_hop_HQNV_2026Q1_2026-06-23'!P3) -> 0 | T3: =IFERROR(IF(R3="HQ2",S3-G3,0),0) -> 0
A4: Con ngÆ°á»i | B4: 107 | C4: -5815134 | D4: 0 | E4: -47545756 | F4: 1693054555 | G4: 0 | H4: 0 | I4: 0 | J4: 0 | K4: 1687239421 | L4: 47545756 | M4: 25,0% | N4: 1 | O4: 1 | P4: =VLOOKUP(B4,'CHECK_DT-BT_chi_tiet'!$A:$C,3,FALSE) -> BV An Phú | Q4: =VLOOKUP(A4,Sheet3!$K$11:$L$21,2,FALSE) -> BH Con người | R4: =VLOOKUP(Q4,Sheet3!$L$11:$M$21,2,FALSE) -> HQ1 | S4: =SUMIFS('HQ2'!$O:$O,'HQ2'!$B:$B, "="&'Tong_hop_HQNV_2026Q1_2026-06-23'!Q4, 'HQ2'!$A:$A,"="&'Tong_hop_HQNV_2026Q1_2026-06-23'!P4) -> 0 | T4: =IFERROR(IF(R4="HQ2",S4-G4,0),0) -> 0
A5: Con ngÆ°á»i | B5: 122 | C5: -28921 | D5: 0 | E5: -354027335 | F5: 1061887999 | G5: 0 | H5: 0 | I5: 0 | J5: 0 | K5: 1061859078 | L5: 354027335 | M5: 25,0% | N5: 1 | O5: 1 | P5: =VLOOKUP(B5,'CHECK_DT-BT_chi_tiet'!$A:$C,3,FALSE) -> BV Bà Rịa - Vũng Tàu | Q5: =VLOOKUP(A5,Sheet3!$K$11:$L$21,2,FALSE) -> BH Con người | R5: =VLOOKUP(Q5,Sheet3!$L$11:$M$21,2,FALSE) -> HQ1 | S5: =SUMIFS('HQ2'!$O:$O,'HQ2'!$B:$B, "="&'Tong_hop_HQNV_2026Q1_2026-06-23'!Q5, 'HQ2'!$A:$A,"="&'Tong_hop_HQNV_2026Q1_2026-06-23'!P5) -> 0 | T5: =IFERROR(IF(R5="HQ2",S5-G5,0),0) -> 0
A6: Con ngÆ°á»i | B6: 142 | C6: -531260345 | D6: -6809795 | E6: -2080072600 | F6: 9306220221 | G6: 227782004 | H6: 37830000 | I6: 0 | J6: 0 | K6: 8768150081 | L6: 2080072600 | M6: 25,0% | N6: 1 | O6: 1 | P6: =VLOOKUP(B6,'CHECK_DT-BT_chi_tiet'!$A:$C,3,FALSE) -> BV Hà Nội | Q6: =VLOOKUP(A6,Sheet3!$K$11:$L$21,2,FALSE) -> BH Con người | R6: =VLOOKUP(Q6,Sheet3!$L$11:$M$21,2,FALSE) -> HQ1 | S6: =SUMIFS('HQ2'!$O:$O,'HQ2'!$B:$B, "="&'Tong_hop_HQNV_2026Q1_2026-06-23'!Q6, 'HQ2'!$A:$A,"="&'Tong_hop_HQNV_2026Q1_2026-06-23'!P6) -> 0 | T6: =IFERROR(IF(R6="HQ2",S6-G6,0),0) -> 0
A7: Con ngÆ°á»i | B7: 169 | C7: -26430447 | D7: -88684963 | E7: -1299041929 | F7: 5182399112 | G7: 552529807 | H7: 44195493 | I7: 0 | J7: 0 | K7: 5067283702 | L7: 1299041929 | M7: 25,0% | N7: 1 | O7: 1 | P7: =VLOOKUP(B7,'CHECK_DT-BT_chi_tiet'!$A:$C,3,FALSE) -> BV Sài Gòn | Q7: =VLOOKUP(A7,Sheet3!$K$11:$L$21,2,FALSE) -> BH Con người | R7: =VLOOKUP(Q7,Sheet3!$L$11:$M$21,2,FALSE) -> HQ1 | S7: =SUMIFS('HQ2'!$O:$O,'HQ2'!$B:$B, "="&'Tong_hop_HQNV_2026Q1_2026-06-23'!Q7, 'HQ2'!$A:$A,"="&'Tong_hop_HQNV_2026Q1_2026-06-23'!P7) -> 0 | T7: =IFERROR(IF(R7="HQ2",S7-G7,0),0) -> 0
A8: Con ngÆ°á»i | B8: 175 | C8: -2057000 | D8: -6824772 | E8: -2027793873 | F8: 3246258243 | G8: 74310000 | H8: 66630000 | I8: 0 | J8: 0 | K8: 3237376471 | L8: 2027793873 | M8: 25,0% | N8: 1 | O8: 1 | P8: =VLOOKUP(B8,'CHECK_DT-BT_chi_tiet'!$A:$C,3,FALSE) -> BV Thừa Thiên Huế | Q8: =VLOOKUP(A8,Sheet3!$K$11:$L$21,2,FALSE) -> BH Con người | R8: =VLOOKUP(Q8,Sheet3!$L$11:$M$21,2,FALSE) -> HQ1 | S8: =SUMIFS('HQ2'!$O:$O,'HQ2'!$B:$B, "="&'Tong_hop_HQNV_2026Q1_2026-06-23'!Q8, 'HQ2'!$A:$A,"="&'Tong_hop_HQNV_2026Q1_2026-06-23'!P8) -> 0 | T8: =IFERROR(IF(R8="HQ2",S8-G8,0),0) -> 0
A9: Con ngÆ°á»i | B9: 182 | C9: 0 | D9: 0 | E9: -270165248 | F9: 1408884977 | G9: 260897645 | H9: 52125906 | I9: 0 | J9: 0 | K9: 1408884977 | L9: 270165248 | M9: 25,0% | N9: 1 | O9: 1 | P9: =VLOOKUP(B9,'CHECK_DT-BT_chi_tiet'!$A:$C,3,FALSE) -> BV Nam Bình Dương | Q9: =VLOOKUP(A9,Sheet3!$K$11:$L$21,2,FALSE) -> BH Con người | R9: =VLOOKUP(Q9,Sheet3!$L$11:$M$21,2,FALSE) -> HQ1 | S9: =SUMIFS('HQ2'!$O:$O,'HQ2'!$B:$B, "="&'Tong_hop_HQNV_2026Q1_2026-06-23'!Q9, 'HQ2'!$A:$A,"="&'Tong_hop_HQNV_2026Q1_2026-06-23'!P9) -> 0 | T9: =IFERROR(IF(R9="HQ2",S9-G9,0),0) -> 0
A10: Con ngÆ°á»i | B10: 185 | C10: -387641 | D10: 0 | E10: -57807460 | F10: 362422104 | G10: 142757778 | H10: 15606933 | I10: 0 | J10: 0 | K10: 362034463 | L10: 57807460 | M10: 25,0% | N10: 1 | O10: 1 | P10: =VLOOKUP(B10,'CHECK_DT-BT_chi_tiet'!$A:$C,3,FALSE) -> BV Phú Mỹ | Q10: =VLOOKUP(A10,Sheet3!$K$11:$L$21,2,FALSE) -> BH Con người | R10: =VLOOKUP(Q10,Sheet3!$L$11:$M$21,2,FALSE) -> HQ1 | S10: =SUMIFS('HQ2'!$O:$O,'HQ2'!$B:$B, "="&'Tong_hop_HQNV_2026Q1_2026-06-23'!Q10, 'HQ2'!$A:$A,"="&'Tong_hop_HQNV_2026Q1_2026-06-23'!P10) -> 0 | T10: =IFERROR(IF(R10="HQ2",S10-G10,0),0) -> 0
A11: Con ngÆ°á»i | B11: 186 | C11: 0 | D11: 0 | E11: -128877882 | F11: 1972162099 | G11: 0 | H11: 0 | I11: 0 | J11: 0 | K11: 1972162099 | L11: 128877882 | M11: 25,0% | N11: 1 | O11: 1 | P11: =VLOOKUP(B11,'CHECK_DT-BT_chi_tiet'!$A:$C,3,FALSE) -> BV Thành phố HCM | Q11: =VLOOKUP(A11,Sheet3!$K$11:$L$21,2,FALSE) -> BH Con người | R11: =VLOOKUP(Q11,Sheet3!$L$11:$M$21,2,FALSE) -> HQ1 | S11: =SUMIFS('HQ2'!$O:$O,'HQ2'!$B:$B, "="&'Tong_hop_HQNV_2026Q1_2026-06-23'!Q11, 'HQ2'!$A:$A,"="&'Tong_hop_HQNV_2026Q1_2026-06-23'!P11) -> 0 | T11: =IFERROR(IF(R11="HQ2",S11-G11,0),0) -> 0
A12: Du lá»‹ch | B12: 185 | C12: -230000 | D12: -564480 | E12: -11482276 | F12: 229401700 | G12: 12000000 | H12: 12000000 | I12: 0 | J12: 0 | K12: 228607220 | L12: 11482276 | M12: 10,0% | N12: 1 | O12: 1 | P12: =VLOOKUP(B12,'CHECK_DT-BT_chi_tiet'!$A:$C,3,FALSE) -> BV Phú Mỹ | Q12: =VLOOKUP(A12,Sheet3!$K$11:$L$21,2,FALSE) -> BH Du lịch | R12: =VLOOKUP(Q12,Sheet3!$L$11:$M$21,2,FALSE) -> HQ1 | S12: =SUMIFS('HQ2'!$O:$O,'HQ2'!$B:$B, "="&'Tong_hop_HQNV_2026Q1_2026-06-23'!Q12, 'HQ2'!$A:$A,"="&'Tong_hop_HQNV_2026Q1_2026-06-23'!P12) -> 0 | T12: =IFERROR(IF(R12="HQ2",S12-G12,0),0) -> 0
A13: HÃ ng hÃ³a | B13: 101001 | C13: -129266085 | D13: 0 | E13: -5631285405 | F13: 11882252093 | G13: 8.6829537e+09 | H13: 309235980 | I13: 0 | J13: 0 | K13: 11752986008 | L13: 5631285405 | M13: 10,0% | N13: 80,0% | O13: 60,0% | P13: =VLOOKUP(B13,'CHECK_DT-BT_chi_tiet'!$A:$C,3,FALSE) -> TSC-Ban KDBH Hàng hóa | Q13: =VLOOKUP(A13,Sheet3!$K$11:$L$21,2,FALSE) -> BH Hàng hóa | R13: =VLOOKUP(Q13,Sheet3!$L$11:$M$21,2,FALSE) -> HQ2 | S13: =SUMIFS('HQ2'!$O:$O,'HQ2'!$B:$B, "="&'Tong_hop_HQNV_2026Q1_2026-06-23'!Q13, 'HQ2'!$A:$A,"="&'Tong_hop_HQNV_2026Q1_2026-06-23'!P13) -> 8.6829537e+09 | T13: =IFERROR(IF(R13="HQ2",S13-G13,0),0) -> 0.32999992
A14: HÃ ng hÃ³a | B14: 101009 | C14: -378516443 | D14: 0 | E14: 0 | F14: 1490394555 | G14: 5.5348646e+10 | H14: 0 | I14: 0 | J14: 0 | K14: 1111878112 | L14: 0 | M14: 10,0% | N14: 80,0% | O14: 60,0% | P14: =VLOOKUP(B14,'CHECK_DT-BT_chi_tiet'!$A:$C,3,FALSE) -> TSC-Ban Khách hàng doanh nghiệp | Q14: =VLOOKUP(A14,Sheet3!$K$11:$L$21,2,FALSE) -> BH Hàng hóa | R14: =VLOOKUP(Q14,Sheet3!$L$11:$M$21,2,FALSE) -> HQ2 | S14: =SUMIFS('HQ2'!$O:$O,'HQ2'!$B:$B, "="&'Tong_hop_HQNV_2026Q1_2026-06-23'!Q14, 'HQ2'!$A:$A,"="&'Tong_hop_HQNV_2026Q1_2026-06-23'!P14) -> 55348645768 | T14: =IFERROR(IF(R14="HQ2",S14-G14,0),0) -> 0.51999664
A15: HÃ ng hÃ³a | B15: 128 | C15: 0 | D15: 0 | E15: -15440443 | F15: 3533621088 | G15: 2502536720 | H15: 1318149319 | I15: 15440443 | J15: 15440443 | K15: 3533621088 | L15: 15440443 | M15: 10,0% | N15: 80,0% | O15: 60,0% | P15: =VLOOKUP(B15,'CHECK_DT-BT_chi_tiet'!$A:$C,3,FALSE) -> BV Bình Dương | Q15: =VLOOKUP(A15,Sheet3!$K$11:$L$21,2,FALSE) -> BH Hàng hóa | R15: =VLOOKUP(Q15,Sheet3!$L$11:$M$21,2,FALSE) -> HQ2 | S15: =SUMIFS('HQ2'!$O:$O,'HQ2'!$B:$B, "="&'Tong_hop_HQNV_2026Q1_2026-06-23'!Q15, 'HQ2'!$A:$A,"="&'Tong_hop_HQNV_2026Q1_2026-06-23'!P15) -> 2.5025367e+09 | T15: =IFERROR(IF(R15="HQ2",S15-G15,0),0) -> 0.099999905
A16: HÃ ng hÃ³a | B16: 138 | C16: -199105512 | D16: 0 | E16: -930009750 | F16: 3649416523 | G16: 0 | H16: 0 | I16: 9.5376842e+08 | J16: 6.8166942e+08 | K16: 3450311011 | L16: 930009750 | M16: 10,0% | N16: 80,0% | O16: 60,0% | P16: =VLOOKUP(B16,'CHECK_DT-BT_chi_tiet'!$A:$C,3,FALSE) -> BV Đồng Tháp | Q16: =VLOOKUP(A16,Sheet3!$K$11:$L$21,2,FALSE) -> BH Hàng hóa | R16: =VLOOKUP(Q16,Sheet3!$L$11:$M$21,2,FALSE) -> HQ2 | S16: =SUMIFS('HQ2'!$O:$O,'HQ2'!$B:$B, "="&'Tong_hop_HQNV_2026Q1_2026-06-23'!Q16, 'HQ2'!$A:$A,"="&'Tong_hop_HQNV_2026Q1_2026-06-23'!P16) -> 0 | T16: =IFERROR(IF(R16="HQ2",S16-G16,0),0) -> 0
A17: HÃ ng hÃ³a | B17: 142 | C17: -28592961 | D17: 0 | E17: -24820028 | F17: 3835642333 | G17: 160164000 | H17: 0 | I17: 0 | J17: 0 | K17: 3807049372 | L17: 24820028 | M17: 10,0% | N17: 80,0% | O17: 60,0% | P17: =VLOOKUP(B17,'CHECK_DT-BT_chi_tiet'!$A:$C,3,FALSE) -> BV Hà Nội | Q17: =VLOOKUP(A17,Sheet3!$K$11:$L$21,2,FALSE) -> BH Hàng hóa | R17: =VLOOKUP(Q17,Sheet3!$L$11:$M$21,2,FALSE) -> HQ2 | S17: =SUMIFS('HQ2'!$O:$O,'HQ2'!$B:$B, "="&'Tong_hop_HQNV_2026Q1_2026-06-23'!Q17, 'HQ2'!$A:$A,"="&'Tong_hop_HQNV_2026Q1_2026-06-23'!P17) -> 160164000 | T17: =IFERROR(IF(R17="HQ2",S17-G17,0),0) -> 0
A18: HÃ ng hÃ³a | B18: 169 | C18: -615957415 | D18: -265883637 | E18: -5913718324 | F18: 23168652492 | G18: 9.4491183e+09 | H18: 2.7326409e+09 | I18: 6096489669 | J18: 1.8495131e+09 | K18: 22286811440 | L18: 5913718324 | M18: 10,0% | N18: 80,0% | O18: 60,0% | P18: =VLOOKUP(B18,'CHECK_DT-BT_chi_tiet'!$A:$C,3,FALSE) -> BV Sài Gòn | Q18: =VLOOKUP(A18,Sheet3!$K$11:$L$21,2,FALSE) -> BH Hàng hóa | R18: =VLOOKUP(Q18,Sheet3!$L$11:$M$21,2,FALSE) -> HQ2 | S18: =SUMIFS('HQ2'!$O:$O,'HQ2'!$B:$B, "="&'Tong_hop_HQNV_2026Q1_2026-06-23'!Q18, 'HQ2'!$A:$A,"="&'Tong_hop_HQNV_2026Q1_2026-06-23'!P18) -> 9.4491183e+09 | T18: =IFERROR(IF(R18="HQ2",S18-G18,0),0) -> -0.28000069
A19: HÃ ng hÃ³a | B19: 182 | C19: 0 | D19: 0 | E19: -1834907670 | F19: 8626129701 | G19: 1.7050919e+09 | H19: 7.8580438e+08 | I19: 1966476715 | J19: 666788659 | K19: 8626129701 | L19: 1834907670 | M19: 10,0% | N19: 80,0% | O19: 60,0% | P19: =VLOOKUP(B19,'CHECK_DT-BT_chi_tiet'!$A:$C,3,FALSE) -> BV Nam Bình Dương | Q19: =VLOOKUP(A19,Sheet3!$K$11:$L$21,2,FALSE) -> BH Hàng hóa | R19: =VLOOKUP(Q19,Sheet3!$L$11:$M$21,2,FALSE) -> HQ2 | S19: =SUMIFS('HQ2'!$O:$O,'HQ2'!$B:$B, "="&'Tong_hop_HQNV_2026Q1_2026-06-23'!Q19, 'HQ2'!$A:$A,"="&'Tong_hop_HQNV_2026Q1_2026-06-23'!P19) -> 1.7050919e+09 | T19: =IFERROR(IF(R19="HQ2",S19-G19,0),0) -> 0.029999971
A20: HÃ ng hÃ³a | B20: 185 | C20: -601637 | D20: 0 | E20: 0 | F20: 581233672 | G20: 105774100 | H20: 15774100 | I20: 8625973 | J20: 0 | K20: 580632035 | L20: 0 | M20: 10,0% | N20: 80,0% | O20: 60,0% | P20: =VLOOKUP(B20,'CHECK_DT-BT_chi_tiet'!$A:$C,3,FALSE) -> BV Phú Mỹ | Q20: =VLOOKUP(A20,Sheet3!$K$11:$L$21,2,FALSE) -> BH Hàng hóa | R20: =VLOOKUP(Q20,Sheet3!$L$11:$M$21,2,FALSE) -> HQ2 | S20: =SUMIFS('HQ2'!$O:$O,'HQ2'!$B:$B, "="&'Tong_hop_HQNV_2026Q1_2026-06-23'!Q20, 'HQ2'!$A:$A,"="&'Tong_hop_HQNV_2026Q1_2026-06-23'!P20) -> 105774100 | T20: =IFERROR(IF(R20="HQ2",S20-G20,0),0) -> 0
A21: HÃ ng hÃ³a | B21: 186 | C21: 0 | D21: 0 | E21: -432845669 | F21: 5242002145 | G21: 9.7492483e+09 | H21: 16500000 | I21: 4540681250 | J21: 0 | K21: 5242002145 | L21: 432845669 | M21: 10,0% | N21: 80,0% | O21: 60,0% | P21: =VLOOKUP(B21,'CHECK_DT-BT_chi_tiet'!$A:$C,3,FALSE) -> BV Thành phố HCM | Q21: =VLOOKUP(A21,Sheet3!$K$11:$L$21,2,FALSE) -> BH Hàng hóa | R21: =VLOOKUP(Q21,Sheet3!$L$11:$M$21,2,FALSE) -> HQ2 | S21: =SUMIFS('HQ2'!$O:$O,'HQ2'!$B:$B, "="&'Tong_hop_HQNV_2026Q1_2026-06-23'!Q21, 'HQ2'!$A:$A,"="&'Tong_hop_HQNV_2026Q1_2026-06-23'!P21) -> 9749248258 | T21: =IFERROR(IF(R21="HQ2",S21-G21,0),0) -> -0.36000061
A22: HÃ ng khÃ´ng | B22: 101004 | C22: -344283215 | D22: -1165929799 | E22: -10517000840 | F22: 101663510346 | G22: 0 | H22: 0 | I22: 0 | J22: 0 | K22: 100153297332 | L22: 10517000840 | M22: NA | N22: NA | O22: NA | P22: =VLOOKUP(B22,'CHECK_DT-BT_chi_tiet'!$A:$C,3,FALSE) -> #N/A | Q22: =VLOOKUP(A22,Sheet3!$K$11:$L$21,2,FALSE) -> #N/A | R22: =VLOOKUP(Q22,Sheet3!$L$11:$M$21,2,FALSE) -> #N/A | S22: =SUMIFS('HQ2'!$O:$O,'HQ2'!$B:$B, "="&'Tong_hop_HQNV_2026Q1_2026-06-23'!Q22, 'HQ2'!$A:$A,"="&'Tong_hop_HQNV_2026Q1_2026-06-23'!P22) -> 0 | T22: =IFERROR(IF(R22="HQ2",S22-G22,0),0) -> 0
A23: P&I | B23: 101006 | C23: -39991875 | D23: 0 | E23: -5165112876 | F23: 30564304492 | G23: 1.2402755e+11 | H23: 1.0127696e+10 | I23: 0 | J23: 0 | K23: 30524312617 | L23: 5165112876 | M23: 25,0% | N23: 35,0% | O23: 25,0% | P23: =VLOOKUP(B23,'CHECK_DT-BT_chi_tiet'!$A:$C,3,FALSE) -> TSC-Ban KDBH Tàu thủy | Q23: =VLOOKUP(A23,Sheet3!$K$11:$L$21,2,FALSE) -> P&I | R23: =VLOOKUP(Q23,Sheet3!$L$11:$M$21,2,FALSE) -> HQ2 | S23: =SUMIFS('HQ2'!$O:$O,'HQ2'!$B:$B, "="&'Tong_hop_HQNV_2026Q1_2026-06-23'!Q23, 'HQ2'!$A:$A,"="&'Tong_hop_HQNV_2026Q1_2026-06-23'!P23) -> 1.2402755e+11 | T23: =IFERROR(IF(R23="HQ2",S23-G23,0),0) -> -0.17100525
A24: ThÃ¢n tÃ u biá»ƒn | B24: 101006 | C24: -367810360 | D24: -172899630 | E24: -2908190971 | F24: 15968467175 | G24: 32657343459 | H24: 5393918750 | I24: 0 | J24: 0 | K24: 15427757185 | L24: 2908190971 | M24: 25,0% | N24: 55,0% | O24: 50,0% | P24: =VLOOKUP(B24,'CHECK_DT-BT_chi_tiet'!$A:$C,3,FALSE) -> TSC-Ban KDBH Tàu thủy | Q24: =VLOOKUP(A24,Sheet3!$K$11:$L$21,2,FALSE) -> Hull (Thân tàu biển) | R24: =VLOOKUP(Q24,Sheet3!$L$11:$M$21,2,FALSE) -> HQ2 | S24: =SUMIFS('HQ2'!$O:$O,'HQ2'!$B:$B, "="&'Tong_hop_HQNV_2026Q1_2026-06-23'!Q24, 'HQ2'!$A:$A,"="&'Tong_hop_HQNV_2026Q1_2026-06-23'!P24) -> 32657343459 | T24: =IFERROR(IF(R24="HQ2",S24-G24,0),0) -> 0
... A39: TÃ i sáº£n | B39: 186 | C39: 0 | D39: 0 | E39: -8168033003 | F39: 8885872378 | G39: 11321649734 | H39: 0 | I39: 8069659403 | J39: 0 | K39: 8885872378 | L39: 8168033003 | M39: 15,0% | N39: 70,0% | O39: 55,0% | P39: =VLOOKUP(B39,'CHECK_DT-BT_chi_tiet'!$A:$C,3,FALSE) -> BV Thành phố HCM | Q39: =VLOOKUP(A39,Sheet3!$K$11:$L$21,2,FALSE) -> BH Tài sản | R39: =VLOOKUP(Q39,Sheet3!$L$11:$M$21,2,FALSE) -> HQ2 | S39: =SUMIFS('HQ2'!$O:$O,'HQ2'!$B:$B, "="&'Tong_hop_HQNV_2026Q1_2026-06-23'!Q39, 'HQ2'!$A:$A,"="&'Tong_hop_HQNV_2026Q1_2026-06-23'!P39) -> 11321649734 | T39: =IFERROR(IF(R39="HQ2",S39-G39,0),0) -> 0
A40: Xe cÆ¡ giá»›i | B40: 104 | C40: -24024085 | D40: -3781177 | E40: -4212671883 | F40: 5705574152 | G40: 5102885095 | H40: 2135242834 | I40: 0 | J40: 0 | K40: 5677768890 | L40: 4212671883 | M40: 25,0% | N40: 1 | O40: 1 | P40: =VLOOKUP(B40,'CHECK_DT-BT_chi_tiet'!$A:$C,3,FALSE) -> BV Tràng An | Q40: =VLOOKUP(A40,Sheet3!$K$11:$L$21,2,FALSE) -> BH Xe cơ giới | R40: =VLOOKUP(Q40,Sheet3!$L$11:$M$21,2,FALSE) -> HQ1 | S40: =SUMIFS('HQ2'!$O:$O,'HQ2'!$B:$B, "="&'Tong_hop_HQNV_2026Q1_2026-06-23'!Q40, 'HQ2'!$A:$A,"="&'Tong_hop_HQNV_2026Q1_2026-06-23'!P40) -> 0 | T40: =IFERROR(IF(R40="HQ2",S40-G40,0),0) -> 0
A41: Xe cÆ¡ giá»›i | B41: 139 | C41: -7825000 | D41: 0 | E41: -2565709821 | F41: 7734708326 | G41: 5939595938 | H41: 1445081407 | I41: 0 | J41: 0 | K41: 7726883326 | L41: 2565709821 | M41: 25,0% | N41: 1 | O41: 1 | P41: =VLOOKUP(B41,'CHECK_DT-BT_chi_tiet'!$A:$C,3,FALSE) -> BV Gia Lai | Q41: =VLOOKUP(A41,Sheet3!$K$11:$L$21,2,FALSE) -> BH Xe cơ giới | R41: =VLOOKUP(Q41,Sheet3!$L$11:$M$21,2,FALSE) -> HQ1 | S41: =SUMIFS('HQ2'!$O:$O,'HQ2'!$B:$B, "="&'Tong_hop_HQNV_2026Q1_2026-06-23'!Q41, 'HQ2'!$A:$A,"="&'Tong_hop_HQNV_2026Q1_2026-06-23'!P41) -> 0 | T41: =IFERROR(IF(R41="HQ2",S41-G41,0),0) -> 0
A42: Xe cÆ¡ giá»›i | B42: 142 | C42: -64145529 | D42: -15985326 | E42: -6016628942 | F42: 18786863353 | G42: 9285481010 | H42: 4213980841 | I42: 0 | J42: 0 | K42: 18706732498 | L42: 6016628942 | M42: 25,0% | N42: 1 | O42: 1 | P42: =VLOOKUP(B42,'CHECK_DT-BT_chi_tiet'!$A:$C,3,FALSE) -> BV Hà Nội | Q42: =VLOOKUP(A42,Sheet3!$K$11:$L$21,2,FALSE) -> BH Xe cơ giới | R42: =VLOOKUP(Q42,Sheet3!$L$11:$M$21,2,FALSE) -> HQ1 | S42: =SUMIFS('HQ2'!$O:$O,'HQ2'!$B:$B, "="&'Tong_hop_HQNV_2026Q1_2026-06-23'!Q42, 'HQ2'!$A:$A,"="&'Tong_hop_HQNV_2026Q1_2026-06-23'!P42) -> 0 | T42: =IFERROR(IF(R42="HQ2",S42-G42,0),0) -> 0
A43: Xe cÆ¡ giá»›i | B43: 167 | C43: -1107818 | D43: -11603665 | E43: -3556043706 | F43: 8036347676 | G43: 3542892469 | H43: 2708240445 | I43: 0 | J43: 0 | K43: 8023636193 | L43: 3556043706 | M43: 25,0% | N43: 1 | O43: 1 | P43: =VLOOKUP(B43,'CHECK_DT-BT_chi_tiet'!$A:$C,3,FALSE) -> BV Quảng Trị | Q43: =VLOOKUP(A43,Sheet3!$K$11:$L$21,2,FALSE) -> BH Xe cơ giới | R43: =VLOOKUP(Q43,Sheet3!$L$11:$M$21,2,FALSE) -> HQ1 | S43: =SUMIFS('HQ2'!$O:$O,'HQ2'!$B:$B, "="&'Tong_hop_HQNV_2026Q1_2026-06-23'!Q43, 'HQ2'!$A:$A,"="&'Tong_hop_HQNV_2026Q1_2026-06-23'!P43) -> 0 | T43: =IFERROR(IF(R43="HQ2",S43-G43,0),0) -> 0
A44: Xe cÆ¡ giá»›i | B44: 169 | C44: -76640993 | D44: -42921298 | E44: -10666287719 | F44: 24155458398 | G44: 16843330209 | H44: 8941214467 | I44: 0 | J44: 0 | K44: 24035896107 | L44: 10666287719 | M44: 25,0% | N44: 1 | O44: 1 | P44: =VLOOKUP(B44,'CHECK_DT-BT_chi_tiet'!$A:$C,3,FALSE) -> BV Sài Gòn | Q44: =VLOOKUP(A44,Sheet3!$K$11:$L$21,2,FALSE) -> BH Xe cơ giới | R44: =VLOOKUP(Q44,Sheet3!$L$11:$M$21,2,FALSE) -> HQ1 | S44: =SUMIFS('HQ2'!$O:$O,'HQ2'!$B:$B, "="&'Tong_hop_HQNV_2026Q1_2026-06-23'!Q44, 'HQ2'!$A:$A,"="&'Tong_hop_HQNV_2026Q1_2026-06-23'!P44) -> 0 | T44: =IFERROR(IF(R44="HQ2",S44-G44,0),0) -> 0
A45: Xe cÆ¡ giá»›i | B45: 175 | C45: -9542889 | D45: -3262492 | E45: -2901333897 | F45: 4847500628 | G45: 3809243461 | H45: 1467607991 | I45: 0 | J45: 0 | K45: 4834695247 | L45: 2901333897 | M45: 25,0% | N45: 1 | O45: 1 | P45: =VLOOKUP(B45,'CHECK_DT-BT_chi_tiet'!$A:$C,3,FALSE) -> BV Thừa Thiên Huế | Q45: =VLOOKUP(A45,Sheet3!$K$11:$L$21,2,FALSE) -> BH Xe cơ giới | R45: =VLOOKUP(Q45,Sheet3!$L$11:$M$21,2,FALSE) -> HQ1 | S45: =SUMIFS('HQ2'!$O:$O,'HQ2'!$B:$B, "="&'Tong_hop_HQNV_2026Q1_2026-06-23'!Q45, 'HQ2'!$A:$A,"="&'Tong_hop_HQNV_2026Q1_2026-06-23'!P45) -> 0 | T45: =IFERROR(IF(R45="HQ2",S45-G45,0),0) -> 0
A46: Xe cÆ¡ giá»›i | B46: 182 | C46: 0 | D46: 0 | E46: -5105541721 | F46: 12465458045 | G46: 5214729594 | H46: 3839046271 | I46: 0 | J46: 0 | K46: 12465458045 | L46: 5105541721 | M46: 25,0% | N46: 1 | O46: 1 | P46: =VLOOKUP(B46,'CHECK_DT-BT_chi_tiet'!$A:$C,3,FALSE) -> BV Nam Bình Dương | Q46: =VLOOKUP(A46,Sheet3!$K$11:$L$21,2,FALSE) -> BH Xe cơ giới | R46: =VLOOKUP(Q46,Sheet3!$L$11:$M$21,2,FALSE) -> HQ1 | S46: =SUMIFS('HQ2'!$O:$O,'HQ2'!$B:$B, "="&'Tong_hop_HQNV_2026Q1_2026-06-23'!Q46, 'HQ2'!$A:$A,"="&'Tong_hop_HQNV_2026Q1_2026-06-23'!P46) -> 0 | T46: =IFERROR(IF(R46="HQ2",S46-G46,0),0) -> 0
A47: Xe cÆ¡ giá»›i | B47: 186 | C47: 0 | D47: 0 | E47: -6897086279 | F47: 14635242048 | G47: 9394015318 | H47: 4828452152 | I47: 0 | J47: 0 | K47: 14635242048 | L47: 6897086279 | M47: 25,0% | N47: 1 | O47: 1 | P47: =VLOOKUP(B47,'CHECK_DT-BT_chi_tiet'!$A:$C,3,FALSE) -> BV Thành phố HCM | Q47: =VLOOKUP(A47,Sheet3!$K$11:$L$21,2,FALSE) -> BH Xe cơ giới | R47: =VLOOKUP(Q47,Sheet3!$L$11:$M$21,2,FALSE) -> HQ1 | S47: =SUMIFS('HQ2'!$O:$O,'HQ2'!$B:$B, "="&'Tong_hop_HQNV_2026Q1_2026-06-23'!Q47, 'HQ2'!$A:$A,"="&'Tong_hop_HQNV_2026Q1_2026-06-23'!P47) -> 0 | T47: =IFERROR(IF(R47="HQ2",S47-G47,0),0) -> 0
A48: Y táº¿ | B48: 101001 | C48: -83273310 | D48: -88578954 | E48: -1010021779 | F48: 658365107 | G48: 182559833 | H48: 179757813 | I48: 0 | J48: 0 | K48: 486512843 | L48: 1010021779 | M48: 30,0% | N48: 1 | O48: 1 | P48: =VLOOKUP(B48,'CHECK_DT-BT_chi_tiet'!$A:$C,3,FALSE) -> TSC-Ban KDBH Hàng hóa | Q48: =VLOOKUP(A48,Sheet3!$K$11:$L$21,2,FALSE) -> BH Y tế | R48: =VLOOKUP(Q48,Sheet3!$L$11:$M$21,2,FALSE) -> HQ1 | S48: =SUMIFS('HQ2'!$O:$O,'HQ2'!$B:$B, "="&'Tong_hop_HQNV_2026Q1_2026-06-23'!Q48, 'HQ2'!$A:$A,"="&'Tong_hop_HQNV_2026Q1_2026-06-23'!P48) -> 0 | T48: =IFERROR(IF(R48="HQ2",S48-G48,0),0) -> 0
A49: Y táº¿ | B49: 101003 | C49: -177836444 | D49: -758873229 | E49: -67305068103 | F49: 167710489480 | G49: 0 | H49: 0 | I49: 0 | J49: 0 | K49: 166773779807 | L49: 67305068103 | M49: 30,0% | N49: 1 | O49: 1 | P49: =VLOOKUP(B49,'CHECK_DT-BT_chi_tiet'!$A:$C,3,FALSE) -> TSC-Ban KDBH Phi hàng hải TSC | Q49: =VLOOKUP(A49,Sheet3!$K$11:$L$21,2,FALSE) -> BH Y tế | R49: =VLOOKUP(Q49,Sheet3!$L$11:$M$21,2,FALSE) -> HQ1 | S49: =SUMIFS('HQ2'!$O:$O,'HQ2'!$B:$B, "="&'Tong_hop_HQNV_2026Q1_2026-06-23'!Q49, 'HQ2'!$A:$A,"="&'Tong_hop_HQNV_2026Q1_2026-06-23'!P49) -> 0 | T49: =IFERROR(IF(R49="HQ2",S49-G49,0),0) -> 0
A50: Y táº¿ | B50: 101008 | C50: -2485333296 | D50: 0 | E50: -137826067230 | F50: 488469496849 | G50: 48169640021 | H50: 35643766322 | I50: 0 | J50: 0 | K50: 485984163553 | L50: 137826067230 | M50: 30,0% | N50: 1 | O50: 1 | P50: =VLOOKUP(B50,'CHECK_DT-BT_chi_tiet'!$A:$C,3,FALSE) -> TSC-Ban KD Bảo hiểm sức khỏe | Q50: =VLOOKUP(A50,Sheet3!$K$11:$L$21,2,FALSE) -> BH Y tế | R50: =VLOOKUP(Q50,Sheet3!$L$11:$M$21,2,FALSE) -> HQ1 | S50: =SUMIFS('HQ2'!$O:$O,'HQ2'!$B:$B, "="&'Tong_hop_HQNV_2026Q1_2026-06-23'!Q50, 'HQ2'!$A:$A,"="&'Tong_hop_HQNV_2026Q1_2026-06-23'!P50) -> 0 | T50: =IFERROR(IF(R50="HQ2",S50-G50,0),0) -> 0
A51: Y táº¿ | B51: 103 | C51: -413614125 | D51: -142929276 | E51: -6017789217 | F51: 13434096543 | G51: 1504092794 | H51: 1407401794 | I51: 0 | J51: 0 | K51: 12877553142 | L51: 6017789217 | M51: 30,0% | N51: 1 | O51: 1 | P51: =VLOOKUP(B51,'CHECK_DT-BT_chi_tiet'!$A:$C,3,FALSE) -> BV Thăng Long | Q51: =VLOOKUP(A51,Sheet3!$K$11:$L$21,2,FALSE) -> BH Y tế | R51: =VLOOKUP(Q51,Sheet3!$L$11:$M$21,2,FALSE) -> HQ1 | S51: =SUMIFS('HQ2'!$O:$O,'HQ2'!$B:$B, "="&'Tong_hop_HQNV_2026Q1_2026-06-23'!Q51, 'HQ2'!$A:$A,"="&'Tong_hop_HQNV_2026Q1_2026-06-23'!P51) -> 0 | T51: =IFERROR(IF(R51="HQ2",S51-G51,0),0) -> 0
... A59: Y táº¿ | B59: 186 | C59: 0 | D59: 0 | E59: -17138888707 | F59: 42211297445 | G59: 5.0940297e+09 | H59: 4.0129786e+09 | I59: 0 | J59: 0 | K59: 42211297445 | L59: 17138888707 | M59: 30,0% | N59: 1 | O59: 1 | P59: =VLOOKUP(B59,'CHECK_DT-BT_chi_tiet'!$A:$C,3,FALSE) -> BV Thành phố HCM | Q59: =VLOOKUP(A59,Sheet3!$K$11:$L$21,2,FALSE) -> BH Y tế | R59: =VLOOKUP(Q59,Sheet3!$L$11:$M$21,2,FALSE) -> HQ1 | S59: =SUMIFS('HQ2'!$O:$O,'HQ2'!$B:$B, "="&'Tong_hop_HQNV_2026Q1_2026-06-23'!Q59, 'HQ2'!$A:$A,"="&'Tong_hop_HQNV_2026Q1_2026-06-23'!P59) -> 0 | T59: =IFERROR(IF(R59="HQ2",S59-G59,0),0) -> 0
A60: NA | B60: 169 | C60: 1499599697 | D60: 410758852 | E60: 0 | F60: -1910358549 | G60: 0 | H60: 0 | I60: 0 | J60: 0 | K60: 0 | L60: 0 | M60: NA | N60: NA | O60: NA | P60: =VLOOKUP(B60,'CHECK_DT-BT_chi_tiet'!$A:$C,3,FALSE) -> BV Sài Gòn | Q60: =VLOOKUP(A60,Sheet3!$K$11:$L$21,2,FALSE) -> #N/A | R60: =VLOOKUP(Q60,Sheet3!$L$11:$M$21,2,FALSE) -> #N/A | S60: =SUMIFS('HQ2'!$O:$O,'HQ2'!$B:$B, "="&'Tong_hop_HQNV_2026Q1_2026-06-23'!Q60, 'HQ2'!$A:$A,"="&'Tong_hop_HQNV_2026Q1_2026-06-23'!P60) -> 0 | T60: =IFERROR(IF(R60="HQ2",S60-G60,0),0) -> 0
A61: NA | B61: 185 | C61: 130008340 | D61: 1559683077 | E61: 0 | F61: -1689691417 | G61: 0 | H61: 0 | I61: 0 | J61: 0 | K61: 0 | L61: 0 | M61: NA | N61: NA | O61: NA | P61: =VLOOKUP(B61,'CHECK_DT-BT_chi_tiet'!$A:$C,3,FALSE) -> BV Phú Mỹ | Q61: =VLOOKUP(A61,Sheet3!$K$11:$L$21,2,FALSE) -> #N/A | R61: =VLOOKUP(Q61,Sheet3!$L$11:$M$21,2,FALSE) -> #N/A | S61: =SUMIFS('HQ2'!$O:$O,'HQ2'!$B:$B, "="&'Tong_hop_HQNV_2026Q1_2026-06-23'!Q61, 'HQ2'!$A:$A,"="&'Tong_hop_HQNV_2026Q1_2026-06-23'!P61) -> 0 | T61: =IFERROR(IF(R61="HQ2",S61-G61,0),0) -> 0
A62: Con ngÆ°á»i | B62: 101007 | C62: 0 | D62: -7329804 | E62: -5320000 | F62: 2009647865 | G62: 6800000 | H62: 2000000 | I62: 0 | J62: 0 | K62: 2002318061 | L62: 5320000 | M62: 25,0% | N62: 1 | O62: 1 | P62: =VLOOKUP(B62,'CHECK_DT-BT_chi_tiet'!$A:$C,3,FALSE) -> TSC-Ban Bảo hiểm trực tuyến | Q62: =VLOOKUP(A62,Sheet3!$K$11:$L$21,2,FALSE) -> BH Con người | R62: =VLOOKUP(Q62,Sheet3!$L$11:$M$21,2,FALSE) -> HQ1 | S62: =SUMIFS('HQ2'!$O:$O,'HQ2'!$B:$B, "="&'Tong_hop_HQNV_2026Q1_2026-06-23'!Q62, 'HQ2'!$A:$A,"="&'Tong_hop_HQNV_2026Q1_2026-06-23'!P62) -> 0 | T62: =IFERROR(IF(R62="HQ2",S62-G62,0),0) -> 0
A63: Con ngÆ°á»i | B63: 104 | C63: 0 | D63: -8782438 | E63: -1728141383 | F63: 4315948434 | G63: 119405000 | H63: 106815000 | I63: 0 | J63: 0 | K63: 4307165996 | L63: 1728141383 | M63: 25,0% | N63: 1 | O63: 1 | P63: =VLOOKUP(B63,'CHECK_DT-BT_chi_tiet'!$A:$C,3,FALSE) -> BV Tràng An | Q63: =VLOOKUP(A63,Sheet3!$K$11:$L$21,2,FALSE) -> BH Con người | R63: =VLOOKUP(Q63,Sheet3!$L$11:$M$21,2,FALSE) -> HQ1 | S63: =SUMIFS('HQ2'!$O:$O,'HQ2'!$B:$B, "="&'Tong_hop_HQNV_2026Q1_2026-06-23'!Q63, 'HQ2'!$A:$A,"="&'Tong_hop_HQNV_2026Q1_2026-06-23'!P63) -> 0 | T63: =IFERROR(IF(R63="HQ2",S63-G63,0),0) -> 0
A64: Con ngÆ°á»i | B64: 105 | C64: 0 | D64: 5314308 | E64: -1436659667 | F64: 818312724 | G64: 403182000 | H64: 147828000 | I64: 0 | J64: 0 | K64: 823627032 | L64: 1436659667 | M64: 25,0% | N64: 1 | O64: 1 | P64: =VLOOKUP(B64,'CHECK_DT-BT_chi_tiet'!$A:$C,3,FALSE) -> BV Long Thành | Q64: =VLOOKUP(A64,Sheet3!$K$11:$L$21,2,FALSE) -> BH Con người | R64: =VLOOKUP(Q64,Sheet3!$L$11:$M$21,2,FALSE) -> HQ1 | S64: =SUMIFS('HQ2'!$O:$O,'HQ2'!$B:$B, "="&'Tong_hop_HQNV_2026Q1_2026-06-23'!Q64, 'HQ2'!$A:$A,"="&'Tong_hop_HQNV_2026Q1_2026-06-23'!P64) -> 0 | T64: =IFERROR(IF(R64="HQ2",S64-G64,0),0) -> 0
A65: Con ngÆ°á»i | B65: 106 | C65: 0 | D65: -1298306 | E65: -372480000 | F65: 611366000 | G65: 0 | H65: 0 | I65: 0 | J65: 0 | K65: 610067694 | L65: 372480000 | M65: 25,0% | N65: 1 | O65: 1 | P65: =VLOOKUP(B65,'CHECK_DT-BT_chi_tiet'!$A:$C,3,FALSE) -> BV Đông Bắc | Q65: =VLOOKUP(A65,Sheet3!$K$11:$L$21,2,FALSE) -> BH Con người | R65: =VLOOKUP(Q65,Sheet3!$L$11:$M$21,2,FALSE) -> HQ1 | S65: =SUMIFS('HQ2'!$O:$O,'HQ2'!$B:$B, "="&'Tong_hop_HQNV_2026Q1_2026-06-23'!Q65, 'HQ2'!$A:$A,"="&'Tong_hop_HQNV_2026Q1_2026-06-23'!P65) -> 0 | T65: =IFERROR(IF(R65="HQ2",S65-G65,0),0) -> 0
A66: Con ngÆ°á»i | B66: 121 | C66: 0 | D66: -555000 | E66: -7008590701 | F66: 8391179609 | G66: 0 | H66: 0 | I66: 0 | J66: 0 | K66: 8390624609 | L66: 7008590701 | M66: 25,0% | N66: 1 | O66: 1 | P66: =VLOOKUP(B66,'CHECK_DT-BT_chi_tiet'!$A:$C,3,FALSE) -> BV An Giang | Q66: =VLOOKUP(A66,Sheet3!$K$11:$L$21,2,FALSE) -> BH Con người | R66: =VLOOKUP(Q66,Sheet3!$L$11:$M$21,2,FALSE) -> HQ1 | S66: =SUMIFS('HQ2'!$O:$O,'HQ2'!$B:$B, "="&'Tong_hop_HQNV_2026Q1_2026-06-23'!Q66, 'HQ2'!$A:$A,"="&'Tong_hop_HQNV_2026Q1_2026-06-23'!P66) -> 0 | T66: =IFERROR(IF(R66="HQ2",S66-G66,0),0) -> 0
A67: Con ngÆ°á»i | B67: 124 | C67: 0 | D67: -8400196 | E67: -4869786700 | F67: 6265942225 | G67: 0 | H67: 0 | I67: 0 | J67: 0 | K67: 6257542029 | L67: 4869786700 | M67: 25,0% | N67: 1 | O67: 1 | P67: =VLOOKUP(B67,'CHECK_DT-BT_chi_tiet'!$A:$C,3,FALSE) -> BV Bắc Giang | Q67: =VLOOKUP(A67,Sheet3!$K$11:$L$21,2,FALSE) -> BH Con người | R67: =VLOOKUP(Q67,Sheet3!$L$11:$M$21,2,FALSE) -> HQ1 | S67: =SUMIFS('HQ2'!$O:$O,'HQ2'!$B:$B, "="&'Tong_hop_HQNV_2026Q1_2026-06-23'!Q67, 'HQ2'!$A:$A,"="&'Tong_hop_HQNV_2026Q1_2026-06-23'!P67) -> 0 | T67: =IFERROR(IF(R67="HQ2",S67-G67,0),0) -> 0
A68: Con ngÆ°á»i | B68: 125 | C68: 0 | D68: -3806201 | E68: -4072420811 | F68: 2905119813 | G68: 7191000 | H68: 3855000 | I68: 0 | J68: 0 | K68: 2901313612 | L68: 4072420811 | M68: 25,0% | N68: 1 | O68: 1 | P68: =VLOOKUP(B68,'CHECK_DT-BT_chi_tiet'!$A:$C,3,FALSE) -> BV Bắc Ninh | Q68: =VLOOKUP(A68,Sheet3!$K$11:$L$21,2,FALSE) -> BH Con người | R68: =VLOOKUP(Q68,Sheet3!$L$11:$M$21,2,FALSE) -> HQ1 | S68: =SUMIFS('HQ2'!$O:$O,'HQ2'!$B:$B, "="&'Tong_hop_HQNV_2026Q1_2026-06-23'!Q68, 'HQ2'!$A:$A,"="&'Tong_hop_HQNV_2026Q1_2026-06-23'!P68) -> 0 | T68: =IFERROR(IF(R68="HQ2",S68-G68,0),0) -> 0
A69: Con ngÆ°á»i | B69: 126 | C69: 0 | D69: 0 | E69: -734299300 | F69: 593082550 | G69: 0 | H69: 0 | I69: 0 | J69: 0 | K69: 593082550 | L69: 734299300 | M69: 25,0% | N69: 1 | O69: 1 | P69: =VLOOKUP(B69,'CHECK_DT-BT_chi_tiet'!$A:$C,3,FALSE) -> BV Bạc Liêu | Q69: =VLOOKUP(A69,Sheet3!$K$11:$L$21,2,FALSE) -> BH Con người | R69: =VLOOKUP(Q69,Sheet3!$L$11:$M$21,2,FALSE) -> HQ1 | S69: =SUMIFS('HQ2'!$O:$O,'HQ2'!$B:$B, "="&'Tong_hop_HQNV_2026Q1_2026-06-23'!Q69, 'HQ2'!$A:$A,"="&'Tong_hop_HQNV_2026Q1_2026-06-23'!P69) -> 0 | T69: =IFERROR(IF(R69="HQ2",S69-G69,0),0) -> 0
A70: Con ngÆ°á»i | B70: 128 | C70: 0 | D70: 0 | E70: -868850670 | F70: 1857584516 | G70: 640455316 | H70: 173435000 | I70: 0 | J70: 0 | K70: 1857584516 | L70: 868850670 | M70: 25,0% | N70: 1 | O70: 1 | P70: =VLOOKUP(B70,'CHECK_DT-BT_chi_tiet'!$A:$C,3,FALSE) -> BV Bình Dương | Q70: =VLOOKUP(A70,Sheet3!$K$11:$L$21,2,FALSE) -> BH Con người | R70: =VLOOKUP(Q70,Sheet3!$L$11:$M$21,2,FALSE) -> HQ1 | S70: =SUMIFS('HQ2'!$O:$O,'HQ2'!$B:$B, "="&'Tong_hop_HQNV_2026Q1_2026-06-23'!Q70, 'HQ2'!$A:$A,"="&'Tong_hop_HQNV_2026Q1_2026-06-23'!P70) -> 0 | T70: =IFERROR(IF(R70="HQ2",S70-G70,0),0) -> 0
A71: Con ngÆ°á»i | B71: 129 | C71: 0 | D71: 0 | E71: -2148037400 | F71: 6009799673 | G71: 1407190500 | H71: 256078000 | I71: 0 | J71: 0 | K71: 6009799673 | L71: 2148037400 | M71: 25,0% | N71: 1 | O71: 1 | P71: =VLOOKUP(B71,'CHECK_DT-BT_chi_tiet'!$A:$C,3,FALSE) -> BV Bình Định | Q71: =VLOOKUP(A71,Sheet3!$K$11:$L$21,2,FALSE) -> BH Con người | R71: =VLOOKUP(Q71,Sheet3!$L$11:$M$21,2,FALSE) -> HQ1 | S71: =SUMIFS('HQ2'!$O:$O,'HQ2'!$B:$B, "="&'Tong_hop_HQNV_2026Q1_2026-06-23'!Q71, 'HQ2'!$A:$A,"="&'Tong_hop_HQNV_2026Q1_2026-06-23'!P71) -> 0 | T71: =IFERROR(IF(R71="HQ2",S71-G71,0),0) -> 0
A72: Con ngÆ°á»i | B72: 130 | C72: 0 | D72: 0 | E72: -1161236293 | F72: 1422788000 | G72: 18020000 | H72: 18020000 | I72: 0 | J72: 0 | K72: 1422788000 | L72: 1161236293 | M72: 25,0% | N72: 1 | O72: 1 | P72: =VLOOKUP(B72,'CHECK_DT-BT_chi_tiet'!$A:$C,3,FALSE) -> BV Bình Phước | Q72: =VLOOKUP(A72,Sheet3!$K$11:$L$21,2,FALSE) -> BH Con người | R72: =VLOOKUP(Q72,Sheet3!$L$11:$M$21,2,FALSE) -> HQ1 | S72: =SUMIFS('HQ2'!$O:$O,'HQ2'!$B:$B, "="&'Tong_hop_HQNV_2026Q1_2026-06-23'!Q72, 'HQ2'!$A:$A,"="&'Tong_hop_HQNV_2026Q1_2026-06-23'!P72) -> 0 | T72: =IFERROR(IF(R72="HQ2",S72-G72,0),0) -> 0
A73: Con ngÆ°á»i | B73: 132 | C73: 0 | D73: 0 | E73: -1183759602 | F73: 1263057320 | G73: 67645000 | H73: 67645000 | I73: 0 | J73: 0 | K73: 1263057320 | L73: 1183759602 | M73: 25,0% | N73: 1 | O73: 1 | P73: =VLOOKUP(B73,'CHECK_DT-BT_chi_tiet'!$A:$C,3,FALSE) -> BV Cà Mau | Q73: =VLOOKUP(A73,Sheet3!$K$11:$L$21,2,FALSE) -> BH Con người | R73: =VLOOKUP(Q73,Sheet3!$L$11:$M$21,2,FALSE) -> HQ1 | S73: =SUMIFS('HQ2'!$O:$O,'HQ2'!$B:$B, "="&'Tong_hop_HQNV_2026Q1_2026-06-23'!Q73, 'HQ2'!$A:$A,"="&'Tong_hop_HQNV_2026Q1_2026-06-23'!P73) -> 0 | T73: =IFERROR(IF(R73="HQ2",S73-G73,0),0) -> 0
... A133: Du lá»‹ch | B133: 196 | C133: 0 | D133: -8186400 | E133: -29701956 | F133: 933046150 | G133: 98026722 | H133: 4460000 | I133: 0 | J133: 0 | K133: 924859750 | L133: 29701956 | M133: 10,0% | N133: 1 | O133: 1 | P133: =VLOOKUP(B133,'CHECK_DT-BT_chi_tiet'!$A:$C,3,FALSE) -> BV Mỹ Đình | Q133: =VLOOKUP(A133,Sheet3!$K$11:$L$21,2,FALSE) -> BH Du lịch | R133: =VLOOKUP(Q133,Sheet3!$L$11:$M$21,2,FALSE) -> HQ1 | S133: =SUMIFS('HQ2'!$O:$O,'HQ2'!$B:$B, "="&'Tong_hop_HQNV_2026Q1_2026-06-23'!Q133, 'HQ2'!$A:$A,"="&'Tong_hop_HQNV_2026Q1_2026-06-23'!P133) -> 0 | T133: =IFERROR(IF(R133="HQ2",S133-G133,0),0) -> 0
A134: HÃ ng hÃ³a | B134: 107 | C134: 0 | D134: -565808 | E134: -694504790 | F134: 4558623706 | G134: 6.4755549e+08 | H134: 0 | I134: 6.9714134e+08 | J134: 84239128 | K134: 4558057898 | L134: 694504790 | M134: 10,0% | N134: 80,0% | O134: 60,0% | P134: =VLOOKUP(B134,'CHECK_DT-BT_chi_tiet'!$A:$C,3,FALSE) -> BV An Phú | Q134: =VLOOKUP(A134,Sheet3!$K$11:$L$21,2,FALSE) -> BH Hàng hóa | R134: =VLOOKUP(Q134,Sheet3!$L$11:$M$21,2,FALSE) -> HQ2 | S134: =SUMIFS('HQ2'!$O:$O,'HQ2'!$B:$B, "="&'Tong_hop_HQNV_2026Q1_2026-06-23'!Q134, 'HQ2'!$A:$A,"="&'Tong_hop_HQNV_2026Q1_2026-06-23'!P134) -> 6.4755549e+08 | T134: =IFERROR(IF(R134="HQ2",S134-G134,0),0) -> 0
A135: HÃ ng hÃ³a | B135: 131 | C135: 0 | D135: -3627847 | E135: 0 | F135: 40120000 | G135: 0 | H135: 0 | I135: 0 | J135: 0 | K135: 36492153 | L135: 0 | M135: 10,0% | N135: 80,0% | O135: 60,0% | P135: =VLOOKUP(B135,'CHECK_DT-BT_chi_tiet'!$A:$C,3,FALSE) -> BV Bình Thuận | Q135: =VLOOKUP(A135,Sheet3!$K$11:$L$21,2,FALSE) -> BH Hàng hóa | R135: =VLOOKUP(Q135,Sheet3!$L$11:$M$21,2,FALSE) -> HQ2 | S135: =SUMIFS('HQ2'!$O:$O,'HQ2'!$B:$B, "="&'Tong_hop_HQNV_2026Q1_2026-06-23'!Q135, 'HQ2'!$A:$A,"="&'Tong_hop_HQNV_2026Q1_2026-06-23'!P135) -> 0 | T135: =IFERROR(IF(R135="HQ2",S135-G135,0),0) -> 0
A136: HÃ ng hÃ³a | B136: 137 | C136: 0 | D136: -4818780 | E136: -4343977 | F136: 423307497 | G136: 369498579 | H136: 0 | I136: 0 | J136: 0 | K136: 418488717 | L136: 4343977 | M136: 10,0% | N136: 80,0% | O136: 60,0% | P136: =VLOOKUP(B136,'CHECK_DT-BT_chi_tiet'!$A:$C,3,FALSE) -> BV Đồng Nai | Q136: =VLOOKUP(A136,Sheet3!$K$11:$L$21,2,FALSE) -> BH Hàng hóa | R136: =VLOOKUP(Q136,Sheet3!$L$11:$M$21,2,FALSE) -> HQ2 | S136: =SUMIFS('HQ2'!$O:$O,'HQ2'!$B:$B, "="&'Tong_hop_HQNV_2026Q1_2026-06-23'!Q136, 'HQ2'!$A:$A,"="&'Tong_hop_HQNV_2026Q1_2026-06-23'!P136) -> 369498579 | T136: =IFERROR(IF(R136="HQ2",S136-G136,0),0) -> 0
A137: HÃ ng hÃ³a | B137: 184 | C137: 0 | D137: -42580393 | E137: -205310688 | F137: 1849560959 | G137: 4.0221691e+08 | H137: 0 | I137: 2.0568137e+08 | J137: 0 | K137: 1806980566 | L137: 205310688 | M137: 10,0% | N137: 80,0% | O137: 60,0% | P137: =VLOOKUP(B137,'CHECK_DT-BT_chi_tiet'!$A:$C,3,FALSE) -> BV Gia Định | Q137: =VLOOKUP(A137,Sheet3!$K$11:$L$21,2,FALSE) -> BH Hàng hóa | R137: =VLOOKUP(Q137,Sheet3!$L$11:$M$21,2,FALSE) -> HQ2 | S137: =SUMIFS('HQ2'!$O:$O,'HQ2'!$B:$B, "="&'Tong_hop_HQNV_2026Q1_2026-06-23'!Q137, 'HQ2'!$A:$A,"="&'Tong_hop_HQNV_2026Q1_2026-06-23'!P137) -> 4.0221691e+08 | T137: =IFERROR(IF(R137="HQ2",S137-G137,0),0) -> -0.05399996
A138: Ká»¹ thuáº­t | B138: 129 | C138: 0 | D138: 0 | E138: -53257680 | F138: 478189010 | G138: 5.4621545e+08 | H138: 0 | I138: 53257680 | J138: 0 | K138: 478189010 | L138: 53257680 | M138: 20,0% | N138: 70,0% | O138: 60,0% | P138: =VLOOKUP(B138,'CHECK_DT-BT_chi_tiet'!$A:$C,3,FALSE) -> BV Bình Định | Q138: =VLOOKUP(A138,Sheet3!$K$11:$L$21,2,FALSE) -> BH Kỹ thuật | R138: =VLOOKUP(Q138,Sheet3!$L$11:$M$21,2,FALSE) -> HQ2 | S138: =SUMIFS('HQ2'!$O:$O,'HQ2'!$B:$B, "="&'Tong_hop_HQNV_2026Q1_2026-06-23'!Q138, 'HQ2'!$A:$A,"="&'Tong_hop_HQNV_2026Q1_2026-06-23'!P138) -> 5.4621545e+08 | T138: =IFERROR(IF(R138="HQ2",S138-G138,0),0) -> 0.050000072
A139: Ká»¹ thuáº­t | B139: 145 | C139: 0 | D139: -3461741 | E139: 0 | F139: 264925577 | G139: 0 | H139: 0 | I139: 0 | J139: 0 | K139: 261463836 | L139: 0 | M139: 20,0% | N139: 70,0% | O139: 60,0% | P139: =VLOOKUP(B139,'CHECK_DT-BT_chi_tiet'!$A:$C,3,FALSE) -> BV Hải Dương | Q139: =VLOOKUP(A139,Sheet3!$K$11:$L$21,2,FALSE) -> BH Kỹ thuật | R139: =VLOOKUP(Q139,Sheet3!$L$11:$M$21,2,FALSE) -> HQ2 | S139: =SUMIFS('HQ2'!$O:$O,'HQ2'!$B:$B, "="&'Tong_hop_HQNV_2026Q1_2026-06-23'!Q139, 'HQ2'!$A:$A,"="&'Tong_hop_HQNV_2026Q1_2026-06-23'!P139) -> 0 | T139: =IFERROR(IF(R139="HQ2",S139-G139,0),0) -> 0
A140: Ká»¹ thuáº­t | B140: 148 | C140: 0 | D140: -4690909 | E140: -492827013 | F140: 86069999 | G140: 2312000000 | H140: 0 | I140: 492827013 | J140: 0 | K140: 81379090 | L140: 492827013 | M140: 20,0% | N140: 70,0% | O140: 60,0% | P140: =VLOOKUP(B140,'CHECK_DT-BT_chi_tiet'!$A:$C,3,FALSE) -> BV Hòa Bình | Q140: =VLOOKUP(A140,Sheet3!$K$11:$L$21,2,FALSE) -> BH Kỹ thuật | R140: =VLOOKUP(Q140,Sheet3!$L$11:$M$21,2,FALSE) -> HQ2 | S140: =SUMIFS('HQ2'!$O:$O,'HQ2'!$B:$B, "="&'Tong_hop_HQNV_2026Q1_2026-06-23'!Q140, 'HQ2'!$A:$A,"="&'Tong_hop_HQNV_2026Q1_2026-06-23'!P140) -> 2312000000 | T140: =IFERROR(IF(R140="HQ2",S140-G140,0),0) -> 0
A141: Ká»¹ thuáº­t | B141: 149 | C141: 0 | D141: -3546364 | E141: 0 | F141: 1541602264 | G141: 572891000 | H141: 0 | I141: 0 | J141: 0 | K141: 1538055900 | L141: 0 | M141: 20,0% | N141: 70,0% | O141: 60,0% | P141: =VLOOKUP(B141,'CHECK_DT-BT_chi_tiet'!$A:$C,3,FALSE) -> BV Khánh Hòa | Q141: =VLOOKUP(A141,Sheet3!$K$11:$L$21,2,FALSE) -> BH Kỹ thuật | R141: =VLOOKUP(Q141,Sheet3!$L$11:$M$21,2,FALSE) -> HQ2 | S141: =SUMIFS('HQ2'!$O:$O,'HQ2'!$B:$B, "="&'Tong_hop_HQNV_2026Q1_2026-06-23'!Q141, 'HQ2'!$A:$A,"="&'Tong_hop_HQNV_2026Q1_2026-06-23'!P141) -> 572891000 | T141: =IFERROR(IF(R141="HQ2",S141-G141,0),0) -> 0
A142: Ká»¹ thuáº­t | B142: 150 | C142: 0 | D142: -827528 | E142: 0 | F142: 1351264603 | G142: 0 | H142: 0 | I142: 0 | J142: 0 | K142: 1350437075 | L142: 0 | M142: 20,0% | N142: 70,0% | O142: 60,0% | P142: =VLOOKUP(B142,'CHECK_DT-BT_chi_tiet'!$A:$C,3,FALSE) -> BV Kiên Giang | Q142: =VLOOKUP(A142,Sheet3!$K$11:$L$21,2,FALSE) -> BH Kỹ thuật | R142: =VLOOKUP(Q142,Sheet3!$L$11:$M$21,2,FALSE) -> HQ2 | S142: =SUMIFS('HQ2'!$O:$O,'HQ2'!$B:$B, "="&'Tong_hop_HQNV_2026Q1_2026-06-23'!Q142, 'HQ2'!$A:$A,"="&'Tong_hop_HQNV_2026Q1_2026-06-23'!P142) -> 0 | T142: =IFERROR(IF(R142="HQ2",S142-G142,0),0) -> 0
A143: Ká»¹ thuáº­t | B143: 156 | C143: 0 | D143: -4451818 | E143: 0 | F143: 304269091 | G143: 0 | H143: 0 | I143: 0 | J143: 0 | K143: 299817273 | L143: 0 | M143: 20,0% | N143: 70,0% | O143: 60,0% | P143: =VLOOKUP(B143,'CHECK_DT-BT_chi_tiet'!$A:$C,3,FALSE) -> BV Long An | Q143: =VLOOKUP(A143,Sheet3!$K$11:$L$21,2,FALSE) -> BH Kỹ thuật | R143: =VLOOKUP(Q143,Sheet3!$L$11:$M$21,2,FALSE) -> HQ2 | S143: =SUMIFS('HQ2'!$O:$O,'HQ2'!$B:$B, "="&'Tong_hop_HQNV_2026Q1_2026-06-23'!Q143, 'HQ2'!$A:$A,"="&'Tong_hop_HQNV_2026Q1_2026-06-23'!P143) -> 0 | T143: =IFERROR(IF(R143="HQ2",S143-G143,0),0) -> 0
A144: Ká»¹ thuáº­t | B144: 169 | C144: 0 | D144: -5265206 | E144: -1988253976 | F144: 3558214639 | G144: 42074548340 | H144: 0 | I144: 1988253976 | J144: 0 | K144: 3552949433 | L144: 1988253976 | M144: 20,0% | N144: 70,0% | O144: 60,0% | P144: =VLOOKUP(B144,'CHECK_DT-BT_chi_tiet'!$A:$C,3,FALSE) -> BV Sài Gòn | Q144: =VLOOKUP(A144,Sheet3!$K$11:$L$21,2,FALSE) -> BH Kỹ thuật | R144: =VLOOKUP(Q144,Sheet3!$L$11:$M$21,2,FALSE) -> HQ2 | S144: =SUMIFS('HQ2'!$O:$O,'HQ2'!$B:$B, "="&'Tong_hop_HQNV_2026Q1_2026-06-23'!Q144, 'HQ2'!$A:$A,"="&'Tong_hop_HQNV_2026Q1_2026-06-23'!P144) -> 42074548340 | T144: =IFERROR(IF(R144="HQ2",S144-G144,0),0) -> 0
A145: Ká»¹ thuáº­t | B145: 171 | C145: 0 | D145: -566396 | E145: 0 | F145: 76894929 | G145: 0 | H145: 0 | I145: 0 | J145: 0 | K145: 76328533 | L145: 0 | M145: 20,0% | N145: 70,0% | O145: 60,0% | P145: =VLOOKUP(B145,'CHECK_DT-BT_chi_tiet'!$A:$C,3,FALSE) -> BV Tây Ninh | Q145: =VLOOKUP(A145,Sheet3!$K$11:$L$21,2,FALSE) -> BH Kỹ thuật | R145: =VLOOKUP(Q145,Sheet3!$L$11:$M$21,2,FALSE) -> HQ2 | S145: =SUMIFS('HQ2'!$O:$O,'HQ2'!$B:$B, "="&'Tong_hop_HQNV_2026Q1_2026-06-23'!Q145, 'HQ2'!$A:$A,"="&'Tong_hop_HQNV_2026Q1_2026-06-23'!P145) -> 0 | T145: =IFERROR(IF(R145="HQ2",S145-G145,0),0) -> 0
... A179: TÃ u khÃ¡c | B179: 188 | C179: 0 | D179: -16176784 | E179: -55202375 | F179: 239422785 | G179: 50000000 | H179: 0 | I179: 55202375 | J179: 0 | K179: 223246001 | L179: 55202375 | M179: 20,0% | N179: 80,0% | O179: 80,0% | P179: =VLOOKUP(B179,'CHECK_DT-BT_chi_tiet'!$A:$C,3,FALSE) -> BV Hậu Giang | Q179: =VLOOKUP(A179,Sheet3!$K$11:$L$21,2,FALSE) -> Tàu khác | R179: =VLOOKUP(Q179,Sheet3!$L$11:$M$21,2,FALSE) -> HQ2 | S179: =SUMIFS('HQ2'!$O:$O,'HQ2'!$B:$B, "="&'Tong_hop_HQNV_2026Q1_2026-06-23'!Q179, 'HQ2'!$A:$A,"="&'Tong_hop_HQNV_2026Q1_2026-06-23'!P179) -> 50000000 | T179: =IFERROR(IF(R179="HQ2",S179-G179,0),0) -> 0
A180: Xe cÆ¡ giá»›i | B180: 101003 | C180: 0 | D180: -35893219 | E180: -67556036 | F180: 1272372744 | G180: 0 | H180: 0 | I180: 0 | J180: 0 | K180: 1236479525 | L180: 67556036 | M180: 25,0% | N180: 1 | O180: 1 | P180: =VLOOKUP(B180,'CHECK_DT-BT_chi_tiet'!$A:$C,3,FALSE) -> TSC-Ban KDBH Phi hàng hải TSC | Q180: =VLOOKUP(A180,Sheet3!$K$11:$L$21,2,FALSE) -> BH Xe cơ giới | R180: =VLOOKUP(Q180,Sheet3!$L$11:$M$21,2,FALSE) -> HQ1 | S180: =SUMIFS('HQ2'!$O:$O,'HQ2'!$B:$B, "="&'Tong_hop_HQNV_2026Q1_2026-06-23'!Q180, 'HQ2'!$A:$A,"="&'Tong_hop_HQNV_2026Q1_2026-06-23'!P180) -> 0 | T180: =IFERROR(IF(R180="HQ2",S180-G180,0),0) -> 0
A181: Xe cÆ¡ giá»›i | B181: 103 | C181: 0 | D181: -8946575 | E181: -8536444336 | F181: 12138904855 | G181: 8619775576 | H181: 4096383935 | I181: 0 | J181: 0 | K181: 12129958280 | L181: 8536444336 | M181: 25,0% | N181: 1 | O181: 1 | P181: =VLOOKUP(B181,'CHECK_DT-BT_chi_tiet'!$A:$C,3,FALSE) -> BV Thăng Long | Q181: =VLOOKUP(A181,Sheet3!$K$11:$L$21,2,FALSE) -> BH Xe cơ giới | R181: =VLOOKUP(Q181,Sheet3!$L$11:$M$21,2,FALSE) -> HQ1 | S181: =SUMIFS('HQ2'!$O:$O,'HQ2'!$B:$B, "="&'Tong_hop_HQNV_2026Q1_2026-06-23'!Q181, 'HQ2'!$A:$A,"="&'Tong_hop_HQNV_2026Q1_2026-06-23'!P181) -> 0 | T181: =IFERROR(IF(R181="HQ2",S181-G181,0),0) -> 0
A182: Xe cÆ¡ giá»›i | B182: 105 | C182: 0 | D182: -1420778 | E182: -1293855827 | F182: 3766564584 | G182: 1870302540 | H182: 720254291 | I182: 0 | J182: 0 | K182: 3765143806 | L182: 1293855827 | M182: 25,0% | N182: 1 | O182: 1 | P182: =VLOOKUP(B182,'CHECK_DT-BT_chi_tiet'!$A:$C,3,FALSE) -> BV Long Thành | Q182: =VLOOKUP(A182,Sheet3!$K$11:$L$21,2,FALSE) -> BH Xe cơ giới | R182: =VLOOKUP(Q182,Sheet3!$L$11:$M$21,2,FALSE) -> HQ1 | S182: =SUMIFS('HQ2'!$O:$O,'HQ2'!$B:$B, "="&'Tong_hop_HQNV_2026Q1_2026-06-23'!Q182, 'HQ2'!$A:$A,"="&'Tong_hop_HQNV_2026Q1_2026-06-23'!P182) -> 0 | T182: =IFERROR(IF(R182="HQ2",S182-G182,0),0) -> 0
A183: Xe cÆ¡ giá»›i | B183: 106 | C183: 0 | D183: -30170948 | E183: -1246437442 | F183: 4668836392 | G183: 1767356156 | H183: 632635166 | I183: 0 | J183: 0 | K183: 4638665444 | L183: 1246437442 | M183: 25,0% | N183: 1 | O183: 1 | P183: =VLOOKUP(B183,'CHECK_DT-BT_chi_tiet'!$A:$C,3,FALSE) -> BV Đông Bắc | Q183: =VLOOKUP(A183,Sheet3!$K$11:$L$21,2,FALSE) -> BH Xe cơ giới | R183: =VLOOKUP(Q183,Sheet3!$L$11:$M$21,2,FALSE) -> HQ1 | S183: =SUMIFS('HQ2'!$O:$O,'HQ2'!$B:$B, "="&'Tong_hop_HQNV_2026Q1_2026-06-23'!Q183, 'HQ2'!$A:$A,"="&'Tong_hop_HQNV_2026Q1_2026-06-23'!P183) -> 0 | T183: =IFERROR(IF(R183="HQ2",S183-G183,0),0) -> 0
A184: Xe cÆ¡ giá»›i | B184: 107 | C184: 0 | D184: -65166720 | E184: -7449408983 | F184: 18315771364 | G184: 6881380478 | H184: 5811505318 | I184: 0 | J184: 0 | K184: 18250604644 | L184: 7449408983 | M184: 25,0% | N184: 1 | O184: 1 | P184: =VLOOKUP(B184,'CHECK_DT-BT_chi_tiet'!$A:$C,3,FALSE) -> BV An Phú | Q184: =VLOOKUP(A184,Sheet3!$K$11:$L$21,2,FALSE) -> BH Xe cơ giới | R184: =VLOOKUP(Q184,Sheet3!$L$11:$M$21,2,FALSE) -> HQ1 | S184: =SUMIFS('HQ2'!$O:$O,'HQ2'!$B:$B, "="&'Tong_hop_HQNV_2026Q1_2026-06-23'!Q184, 'HQ2'!$A:$A,"="&'Tong_hop_HQNV_2026Q1_2026-06-23'!P184) -> 0 | T184: =IFERROR(IF(R184="HQ2",S184-G184,0),0) -> 0
A185: Xe cÆ¡ giá»›i | B185: 121 | C185: 0 | D185: -17106809 | E185: -3491094304 | F185: 7452012780 | G185: 5134124445 | H185: 3048018797 | I185: 0 | J185: 0 | K185: 7434905971 | L185: 3491094304 | M185: 25,0% | N185: 1 | O185: 1 | P185: =VLOOKUP(B185,'CHECK_DT-BT_chi_tiet'!$A:$C,3,FALSE) -> BV An Giang | Q185: =VLOOKUP(A185,Sheet3!$K$11:$L$21,2,FALSE) -> BH Xe cơ giới | R185: =VLOOKUP(Q185,Sheet3!$L$11:$M$21,2,FALSE) -> HQ1 | S185: =SUMIFS('HQ2'!$O:$O,'HQ2'!$B:$B, "="&'Tong_hop_HQNV_2026Q1_2026-06-23'!Q185, 'HQ2'!$A:$A,"="&'Tong_hop_HQNV_2026Q1_2026-06-23'!P185) -> 0 | T185: =IFERROR(IF(R185="HQ2",S185-G185,0),0) -> 0
A186: Xe cÆ¡ giá»›i | B186: 123 | C186: 0 | D186: 0 | E186: -18126707 | F186: 860684099 | G186: 1925974000 | H186: 67121818 | I186: 0 | J186: 0 | K186: 860684099 | L186: 18126707 | M186: 25,0% | N186: 1 | O186: 1 | P186: =VLOOKUP(B186,'CHECK_DT-BT_chi_tiet'!$A:$C,3,FALSE) -> BV Bắc Cạn | Q186: =VLOOKUP(A186,Sheet3!$K$11:$L$21,2,FALSE) -> BH Xe cơ giới | R186: =VLOOKUP(Q186,Sheet3!$L$11:$M$21,2,FALSE) -> HQ1 | S186: =SUMIFS('HQ2'!$O:$O,'HQ2'!$B:$B, "="&'Tong_hop_HQNV_2026Q1_2026-06-23'!Q186, 'HQ2'!$A:$A,"="&'Tong_hop_HQNV_2026Q1_2026-06-23'!P186) -> 0 | T186: =IFERROR(IF(R186="HQ2",S186-G186,0),0) -> 0
A187: Xe cÆ¡ giá»›i | B187: 124 | C187: 0 | D187: -24656361 | E187: -1639551006 | F187: 7281788570 | G187: 5732610551 | H187: 286271247 | I187: 0 | J187: 0 | K187: 7257132209 | L187: 1639551006 | M187: 25,0% | N187: 1 | O187: 1 | P187: =VLOOKUP(B187,'CHECK_DT-BT_chi_tiet'!$A:$C,3,FALSE) -> BV Bắc Giang | Q187: =VLOOKUP(A187,Sheet3!$K$11:$L$21,2,FALSE) -> BH Xe cơ giới | R187: =VLOOKUP(Q187,Sheet3!$L$11:$M$21,2,FALSE) -> HQ1 | S187: =SUMIFS('HQ2'!$O:$O,'HQ2'!$B:$B, "="&'Tong_hop_HQNV_2026Q1_2026-06-23'!Q187, 'HQ2'!$A:$A,"="&'Tong_hop_HQNV_2026Q1_2026-06-23'!P187) -> 0 | T187: =IFERROR(IF(R187="HQ2",S187-G187,0),0) -> 0
A188: Xe cÆ¡ giá»›i | B188: 125 | C188: 0 | D188: -137231059 | E188: -3107539082 | F188: 7517752256 | G188: 5196660109 | H188: 2290099975 | I188: 0 | J188: 0 | K188: 7380521197 | L188: 3107539082 | M188: 25,0% | N188: 1 | O188: 1 | P188: =VLOOKUP(B188,'CHECK_DT-BT_chi_tiet'!$A:$C,3,FALSE) -> BV Bắc Ninh | Q188: =VLOOKUP(A188,Sheet3!$K$11:$L$21,2,FALSE) -> BH Xe cơ giới | R188: =VLOOKUP(Q188,Sheet3!$L$11:$M$21,2,FALSE) -> HQ1 | S188: =SUMIFS('HQ2'!$O:$O,'HQ2'!$B:$B, "="&'Tong_hop_HQNV_2026Q1_2026-06-23'!Q188, 'HQ2'!$A:$A,"="&'Tong_hop_HQNV_2026Q1_2026-06-23'!P188) -> 0 | T188: =IFERROR(IF(R188="HQ2",S188-G188,0),0) -> 0
A189: Xe cÆ¡ giá»›i | B189: 126 | C189: 0 | D189: 0 | E189: -1351470260 | F189: 3558196380 | G189: 1260141150 | H189: 635031367 | I189: 0 | J189: 0 | K189: 3558196380 | L189: 1351470260 | M189: 25,0% | N189: 1 | O189: 1 | P189: =VLOOKUP(B189,'CHECK_DT-BT_chi_tiet'!$A:$C,3,FALSE) -> BV Bạc Liêu | Q189: =VLOOKUP(A189,Sheet3!$K$11:$L$21,2,FALSE) -> BH Xe cơ giới | R189: =VLOOKUP(Q189,Sheet3!$L$11:$M$21,2,FALSE) -> HQ1 | S189: =SUMIFS('HQ2'!$O:$O,'HQ2'!$B:$B, "="&'Tong_hop_HQNV_2026Q1_2026-06-23'!Q189, 'HQ2'!$A:$A,"="&'Tong_hop_HQNV_2026Q1_2026-06-23'!P189) -> 0 | T189: =IFERROR(IF(R189="HQ2",S189-G189,0),0) -> 0
A190: Xe cÆ¡ giá»›i | B190: 127 | C190: 0 | D190: -1082526 | E190: -358409271 | F190: 1365892705 | G190: 512899782 | H190: 512899782 | I190: 0 | J190: 0 | K190: 1364810179 | L190: 358409271 | M190: 25,0% | N190: 1 | O190: 1 | P190: =VLOOKUP(B190,'CHECK_DT-BT_chi_tiet'!$A:$C,3,FALSE) -> BV Bến Tre | Q190: =VLOOKUP(A190,Sheet3!$K$11:$L$21,2,FALSE) -> BH Xe cơ giới | R190: =VLOOKUP(Q190,Sheet3!$L$11:$M$21,2,FALSE) -> HQ1 | S190: =SUMIFS('HQ2'!$O:$O,'HQ2'!$B:$B, "="&'Tong_hop_HQNV_2026Q1_2026-06-23'!Q190, 'HQ2'!$A:$A,"="&'Tong_hop_HQNV_2026Q1_2026-06-23'!P190) -> 0 | T190: =IFERROR(IF(R190="HQ2",S190-G190,0),0) -> 0
A191: Xe cÆ¡ giá»›i | B191: 128 | C191: 0 | D191: 0 | E191: -5390570887 | F191: 8926022983 | G191: 3464892529 | H191: 1987802947 | I191: 0 | J191: 0 | K191: 8926022983 | L191: 5390570887 | M191: 25,0% | N191: 1 | O191: 1 | P191: =VLOOKUP(B191,'CHECK_DT-BT_chi_tiet'!$A:$C,3,FALSE) -> BV Bình Dương | Q191: =VLOOKUP(A191,Sheet3!$K$11:$L$21,2,FALSE) -> BH Xe cơ giới | R191: =VLOOKUP(Q191,Sheet3!$L$11:$M$21,2,FALSE) -> HQ1 | S191: =SUMIFS('HQ2'!$O:$O,'HQ2'!$B:$B, "="&'Tong_hop_HQNV_2026Q1_2026-06-23'!Q191, 'HQ2'!$A:$A,"="&'Tong_hop_HQNV_2026Q1_2026-06-23'!P191) -> 0 | T191: =IFERROR(IF(R191="HQ2",S191-G191,0),0) -> 0
... A309: Du lá»‹ch | B309: 194 | C309: 0 | D309: 0 | E309: -1500000 | F309: 54952500 | G309: 0 | H309: 0 | I309: 0 | J309: 0 | K309: 54952500 | L309: 1500000 | M309: 10,0% | N309: 1 | O309: 1 | P309: =VLOOKUP(B309,'CHECK_DT-BT_chi_tiet'!$A:$C,3,FALSE) -> BV Sơn Tây | Q309: =VLOOKUP(A309,Sheet3!$K$11:$L$21,2,FALSE) -> BH Du lịch | R309: =VLOOKUP(Q309,Sheet3!$L$11:$M$21,2,FALSE) -> HQ1 | S309: =SUMIFS('HQ2'!$O:$O,'HQ2'!$B:$B, "="&'Tong_hop_HQNV_2026Q1_2026-06-23'!Q309, 'HQ2'!$A:$A,"="&'Tong_hop_HQNV_2026Q1_2026-06-23'!P309) -> 0 | T309: =IFERROR(IF(R309="HQ2",S309-G309,0),0) -> 0
A310: HÃ ng hÃ³a | B310: 101005 | C310: 0 | D310: 0 | E310: -69828979638 | F310: 23129113607 | G310: 1.8571462e+09 | H310: 128000000 | I310: 0 | J310: 0 | K310: 23129113607 | L310: 69828979638 | M310: 10,0% | N310: 80,0% | O310: 60,0% | P310: =VLOOKUP(B310,'CHECK_DT-BT_chi_tiet'!$A:$C,3,FALSE) -> TSC-Ban BH Dự án (Fronting) | Q310: =VLOOKUP(A310,Sheet3!$K$11:$L$21,2,FALSE) -> BH Hàng hóa | R310: =VLOOKUP(Q310,Sheet3!$L$11:$M$21,2,FALSE) -> HQ2 | S310: =SUMIFS('HQ2'!$O:$O,'HQ2'!$B:$B, "="&'Tong_hop_HQNV_2026Q1_2026-06-23'!Q310, 'HQ2'!$A:$A,"="&'Tong_hop_HQNV_2026Q1_2026-06-23'!P310) -> 0 | T310: =IFERROR(IF(R310="HQ2",S310-G310,0),0) -> -1.8571462e+09
A311: HÃ ng hÃ³a | B311: 101301 | C311: 0 | D311: 0 | E311: -156115882 | F311: 0 | G311: 0 | H311: 0 | I311: 0 | J311: 0 | K311: 0 | L311: 156115882 | M311: 10,0% | N311: 80,0% | O311: 60,0% | P311: =VLOOKUP(B311,'CHECK_DT-BT_chi_tiet'!$A:$C,3,FALSE) -> #N/A | Q311: =VLOOKUP(A311,Sheet3!$K$11:$L$21,2,FALSE) -> BH Hàng hóa | R311: =VLOOKUP(Q311,Sheet3!$L$11:$M$21,2,FALSE) -> HQ2 | S311: =SUMIFS('HQ2'!$O:$O,'HQ2'!$B:$B, "="&'Tong_hop_HQNV_2026Q1_2026-06-23'!Q311, 'HQ2'!$A:$A,"="&'Tong_hop_HQNV_2026Q1_2026-06-23'!P311) -> 0 | T311: =IFERROR(IF(R311="HQ2",S311-G311,0),0) -> 0
A312: HÃ ng hÃ³a | B312: 103 | C312: 0 | D312: 0 | E312: -307117773 | F312: 803180946 | G312: 1.7857169e+09 | H312: 2249585 | I312: 307117773 | J312: 0 | K312: 803180946 | L312: 307117773 | M312: 10,0% | N312: 80,0% | O312: 60,0% | P312: =VLOOKUP(B312,'CHECK_DT-BT_chi_tiet'!$A:$C,3,FALSE) -> BV Thăng Long | Q312: =VLOOKUP(A312,Sheet3!$K$11:$L$21,2,FALSE) -> BH Hàng hóa | R312: =VLOOKUP(Q312,Sheet3!$L$11:$M$21,2,FALSE) -> HQ2 | S312: =SUMIFS('HQ2'!$O:$O,'HQ2'!$B:$B, "="&'Tong_hop_HQNV_2026Q1_2026-06-23'!Q312, 'HQ2'!$A:$A,"="&'Tong_hop_HQNV_2026Q1_2026-06-23'!P312) -> 1.7857169e+09 | T312: =IFERROR(IF(R312="HQ2",S312-G312,0),0) -> -0.0099999905
A313: HÃ ng hÃ³a | B313: 104 | C313: 0 | D313: 0 | E313: -51363155 | F313: 210167932 | G313: 2.4546304e+08 | H313: 0 | I313: 676195 | J313: 676195 | K313: 210167932 | L313: 51363155 | M313: 10,0% | N313: 80,0% | O313: 60,0% | P313: =VLOOKUP(B313,'CHECK_DT-BT_chi_tiet'!$A:$C,3,FALSE) -> BV Tràng An | Q313: =VLOOKUP(A313,Sheet3!$K$11:$L$21,2,FALSE) -> BH Hàng hóa | R313: =VLOOKUP(Q313,Sheet3!$L$11:$M$21,2,FALSE) -> HQ2 | S313: =SUMIFS('HQ2'!$O:$O,'HQ2'!$B:$B, "="&'Tong_hop_HQNV_2026Q1_2026-06-23'!Q313, 'HQ2'!$A:$A,"="&'Tong_hop_HQNV_2026Q1_2026-06-23'!P313) -> 2.4546304e+08 | T313: =IFERROR(IF(R313="HQ2",S313-G313,0),0) -> 0.040000021
A314: HÃ ng hÃ³a | B314: 105 | C314: 0 | D314: 0 | E314: -2547069323 | F314: 6043537958 | G314: 1.628317e+09 | H314: 226753652 | I314: 2.2593832e+09 | J314: 121945153 | K314: 6043537958 | L314: 2547069323 | M314: 10,0% | N314: 80,0% | O314: 60,0% | P314: =VLOOKUP(B314,'CHECK_DT-BT_chi_tiet'!$A:$C,3,FALSE) -> BV Long Thành | Q314: =VLOOKUP(A314,Sheet3!$K$11:$L$21,2,FALSE) -> BH Hàng hóa | R314: =VLOOKUP(Q314,Sheet3!$L$11:$M$21,2,FALSE) -> HQ2 | S314: =SUMIFS('HQ2'!$O:$O,'HQ2'!$B:$B, "="&'Tong_hop_HQNV_2026Q1_2026-06-23'!Q314, 'HQ2'!$A:$A,"="&'Tong_hop_HQNV_2026Q1_2026-06-23'!P314) -> 1.628317e+09 | T314: =IFERROR(IF(R314="HQ2",S314-G314,0),0) -> -0.010000229
A315: HÃ ng hÃ³a | B315: 125 | C315: 0 | D315: 0 | E315: -124873705 | F315: 595859015 | G315: 0 | H315: 0 | I315: 124873705 | J315: 0 | K315: 595859015 | L315: 124873705 | M315: 10,0% | N315: 80,0% | O315: 60,0% | P315: =VLOOKUP(B315,'CHECK_DT-BT_chi_tiet'!$A:$C,3,FALSE) -> BV Bắc Ninh | Q315: =VLOOKUP(A315,Sheet3!$K$11:$L$21,2,FALSE) -> BH Hàng hóa | R315: =VLOOKUP(Q315,Sheet3!$L$11:$M$21,2,FALSE) -> HQ2 | S315: =SUMIFS('HQ2'!$O:$O,'HQ2'!$B:$B, "="&'Tong_hop_HQNV_2026Q1_2026-06-23'!Q315, 'HQ2'!$A:$A,"="&'Tong_hop_HQNV_2026Q1_2026-06-23'!P315) -> 0 | T315: =IFERROR(IF(R315="HQ2",S315-G315,0),0) -> 0
A316: HÃ ng hÃ³a | B316: 135 | C316: 0 | D316: 0 | E316: -220428077 | F316: 3519582182 | G316: 12000000 | H316: 12000000 | I316: 2.2036571e+08 | J316: 10934563 | K316: 3519582182 | L316: 220428077 | M316: 10,0% | N316: 80,0% | O316: 60,0% | P316: =VLOOKUP(B316,'CHECK_DT-BT_chi_tiet'!$A:$C,3,FALSE) -> BV Đà Nẵng | Q316: =VLOOKUP(A316,Sheet3!$K$11:$L$21,2,FALSE) -> BH Hàng hóa | R316: =VLOOKUP(Q316,Sheet3!$L$11:$M$21,2,FALSE) -> HQ2 | S316: =SUMIFS('HQ2'!$O:$O,'HQ2'!$B:$B, "="&'Tong_hop_HQNV_2026Q1_2026-06-23'!Q316, 'HQ2'!$A:$A,"="&'Tong_hop_HQNV_2026Q1_2026-06-23'!P316) -> 12000000 | T316: =IFERROR(IF(R316="HQ2",S316-G316,0),0) -> 0
A317: HÃ ng hÃ³a | B317: 145 | C317: 0 | D317: 0 | E317: 24534902 | F317: 479701445 | G317: 413532189 | H317: 0 | I317: 0 | J317: 0 | K317: 479701445 | L317: -24534902 | M317: 10,0% | N317: 80,0% | O317: 60,0% | P317: =VLOOKUP(B317,'CHECK_DT-BT_chi_tiet'!$A:$C,3,FALSE) -> BV Hải Dương | Q317: =VLOOKUP(A317,Sheet3!$K$11:$L$21,2,FALSE) -> BH Hàng hóa | R317: =VLOOKUP(Q317,Sheet3!$L$11:$M$21,2,FALSE) -> HQ2 | S317: =SUMIFS('HQ2'!$O:$O,'HQ2'!$B:$B, "="&'Tong_hop_HQNV_2026Q1_2026-06-23'!Q317, 'HQ2'!$A:$A,"="&'Tong_hop_HQNV_2026Q1_2026-06-23'!P317) -> 413532189 | T317: =IFERROR(IF(R317="HQ2",S317-G317,0),0) -> 0
A318: HÃ ng hÃ³a | B318: 146 | C318: 0 | D318: 0 | E318: -1511198960 | F318: 6741787112 | G318: 5.1510104e+09 | H318: 1638410569 | I318: 3390323990 | J318: 184069833 | K318: 6741787112 | L318: 1511198960 | M318: 10,0% | N318: 80,0% | O318: 60,0% | P318: =VLOOKUP(B318,'CHECK_DT-BT_chi_tiet'!$A:$C,3,FALSE) -> BV Hải Phòng | Q318: =VLOOKUP(A318,Sheet3!$K$11:$L$21,2,FALSE) -> BH Hàng hóa | R318: =VLOOKUP(Q318,Sheet3!$L$11:$M$21,2,FALSE) -> HQ2 | S318: =SUMIFS('HQ2'!$O:$O,'HQ2'!$B:$B, "="&'Tong_hop_HQNV_2026Q1_2026-06-23'!Q318, 'HQ2'!$A:$A,"="&'Tong_hop_HQNV_2026Q1_2026-06-23'!P318) -> 5.1510104e+09 | T318: =IFERROR(IF(R318="HQ2",S318-G318,0),0) -> -0.039999962
A319: HÃ ng hÃ³a | B319: 164 | C319: 0 | D319: 0 | E319: -131611537 | F319: 412530389 | G319: 405700318 | H319: 71335318 | I319: 0 | J319: 0 | K319: 412530389 | L319: 131611537 | M319: 10,0% | N319: 80,0% | O319: 60,0% | P319: =VLOOKUP(B319,'CHECK_DT-BT_chi_tiet'!$A:$C,3,FALSE) -> BV Quảng Nam | Q319: =VLOOKUP(A319,Sheet3!$K$11:$L$21,2,FALSE) -> BH Hàng hóa | R319: =VLOOKUP(Q319,Sheet3!$L$11:$M$21,2,FALSE) -> HQ2 | S319: =SUMIFS('HQ2'!$O:$O,'HQ2'!$B:$B, "="&'Tong_hop_HQNV_2026Q1_2026-06-23'!Q319, 'HQ2'!$A:$A,"="&'Tong_hop_HQNV_2026Q1_2026-06-23'!P319) -> 405700318 | T319: =IFERROR(IF(R319="HQ2",S319-G319,0),0) -> 0
A320: HÃ ng hÃ³a | B320: 165 | C320: 0 | D320: 0 | E320: -12307460 | F320: 856590238 | G320: 0 | H320: 0 | I320: 11856218 | J320: 0 | K320: 856590238 | L320: 12307460 | M320: 10,0% | N320: 80,0% | O320: 60,0% | P320: =VLOOKUP(B320,'CHECK_DT-BT_chi_tiet'!$A:$C,3,FALSE) -> BV Quảng Ngãi | Q320: =VLOOKUP(A320,Sheet3!$K$11:$L$21,2,FALSE) -> BH Hàng hóa | R320: =VLOOKUP(Q320,Sheet3!$L$11:$M$21,2,FALSE) -> HQ2 | S320: =SUMIFS('HQ2'!$O:$O,'HQ2'!$B:$B, "="&'Tong_hop_HQNV_2026Q1_2026-06-23'!Q320, 'HQ2'!$A:$A,"="&'Tong_hop_HQNV_2026Q1_2026-06-23'!P320) -> 0 | T320: =IFERROR(IF(R320="HQ2",S320-G320,0),0) -> 0
A321: HÃ ng hÃ³a | B321: 166 | C321: 0 | D321: 0 | E321: -210173461 | F321: 549078361 | G321: 1124063665 | H321: 0 | I321: 61227520 | J321: 0 | K321: 549078361 | L321: 210173461 | M321: 10,0% | N321: 80,0% | O321: 60,0% | P321: =VLOOKUP(B321,'CHECK_DT-BT_chi_tiet'!$A:$C,3,FALSE) -> BV Quảng Ninh | Q321: =VLOOKUP(A321,Sheet3!$K$11:$L$21,2,FALSE) -> BH Hàng hóa | R321: =VLOOKUP(Q321,Sheet3!$L$11:$M$21,2,FALSE) -> HQ2 | S321: =SUMIFS('HQ2'!$O:$O,'HQ2'!$B:$B, "="&'Tong_hop_HQNV_2026Q1_2026-06-23'!Q321, 'HQ2'!$A:$A,"="&'Tong_hop_HQNV_2026Q1_2026-06-23'!P321) -> 1124063665 | T321: =IFERROR(IF(R321="HQ2",S321-G321,0),0) -> 0
... A418: TÃ u khÃ¡c | B418: 191 | C418: 0 | D418: 0 | E418: -86412466 | F418: 318395954 | G418: 0 | H418: 0 | I418: 86412466 | J418: 0 | K418: 318395954 | L418: 86412466 | M418: 20,0% | N418: 80,0% | O418: 80,0% | P418: =VLOOKUP(B418,'CHECK_DT-BT_chi_tiet'!$A:$C,3,FALSE) -> BV Phú Quốc | Q418: =VLOOKUP(A418,Sheet3!$K$11:$L$21,2,FALSE) -> Tàu khác | R418: =VLOOKUP(Q418,Sheet3!$L$11:$M$21,2,FALSE) -> HQ2 | S418: =SUMIFS('HQ2'!$O:$O,'HQ2'!$B:$B, "="&'Tong_hop_HQNV_2026Q1_2026-06-23'!Q418, 'HQ2'!$A:$A,"="&'Tong_hop_HQNV_2026Q1_2026-06-23'!P418) -> 0 | T418: =IFERROR(IF(R418="HQ2",S418-G418,0),0) -> 0
A419: Xe cÆ¡ giá»›i | B419: 101001 | C419: 0 | D419: 0 | E419: -35933452 | F419: 253297609 | G419: 305928399 | H419: 34244310 | I419: 0 | J419: 0 | K419: 253297609 | L419: 35933452 | M419: 25,0% | N419: 1 | O419: 1 | P419: =VLOOKUP(B419,'CHECK_DT-BT_chi_tiet'!$A:$C,3,FALSE) -> TSC-Ban KDBH Hàng hóa | Q419: =VLOOKUP(A419,Sheet3!$K$11:$L$21,2,FALSE) -> BH Xe cơ giới | R419: =VLOOKUP(Q419,Sheet3!$L$11:$M$21,2,FALSE) -> HQ1 | S419: =SUMIFS('HQ2'!$O:$O,'HQ2'!$B:$B, "="&'Tong_hop_HQNV_2026Q1_2026-06-23'!Q419, 'HQ2'!$A:$A,"="&'Tong_hop_HQNV_2026Q1_2026-06-23'!P419) -> 0 | T419: =IFERROR(IF(R419="HQ2",S419-G419,0),0) -> 0
A420: Xe cÆ¡ giá»›i | B420: 101003 | C420: 0 | D420: 0 | E420: -13795185 | F420: 0 | G420: 21172155 | H420: 17785818 | I420: 0 | J420: 0 | K420: 0 | L420: 13795185 | M420: 25,0% | N420: 1 | O420: 1 | P420: =VLOOKUP(B420,'CHECK_DT-BT_chi_tiet'!$A:$C,3,FALSE) -> TSC-Ban KDBH Phi hàng hải TSC | Q420: =VLOOKUP(A420,Sheet3!$K$11:$L$21,2,FALSE) -> BH Xe cơ giới | R420: =VLOOKUP(Q420,Sheet3!$L$11:$M$21,2,FALSE) -> HQ1 | S420: =SUMIFS('HQ2'!$O:$O,'HQ2'!$B:$B, "="&'Tong_hop_HQNV_2026Q1_2026-06-23'!Q420, 'HQ2'!$A:$A,"="&'Tong_hop_HQNV_2026Q1_2026-06-23'!P420) -> 0 | T420: =IFERROR(IF(R420="HQ2",S420-G420,0),0) -> 0
A421: Xe cÆ¡ giá»›i | B421: 101007 | C421: 0 | D421: 0 | E421: -572163315 | F421: 642418696 | G421: 439269400 | H421: 223256414 | I421: 0 | J421: 0 | K421: 642418696 | L421: 572163315 | M421: 25,0% | N421: 1 | O421: 1 | P421: =VLOOKUP(B421,'CHECK_DT-BT_chi_tiet'!$A:$C,3,FALSE) -> TSC-Ban Bảo hiểm trực tuyến | Q421: =VLOOKUP(A421,Sheet3!$K$11:$L$21,2,FALSE) -> BH Xe cơ giới | R421: =VLOOKUP(Q421,Sheet3!$L$11:$M$21,2,FALSE) -> HQ1 | S421: =SUMIFS('HQ2'!$O:$O,'HQ2'!$B:$B, "="&'Tong_hop_HQNV_2026Q1_2026-06-23'!Q421, 'HQ2'!$A:$A,"="&'Tong_hop_HQNV_2026Q1_2026-06-23'!P421) -> 0 | T421: =IFERROR(IF(R421="HQ2",S421-G421,0),0) -> 0
A422: Xe cÆ¡ giá»›i | B422: 10130301 | C422: 0 | D422: 0 | E422: 13634000 | F422: 0 | G422: 0 | H422: 0 | I422: 0 | J422: 0 | K422: 0 | L422: -13634000 | M422: 25,0% | N422: 1 | O422: 1 | P422: =VLOOKUP(B422,'CHECK_DT-BT_chi_tiet'!$A:$C,3,FALSE) -> #N/A | Q422: =VLOOKUP(A422,Sheet3!$K$11:$L$21,2,FALSE) -> BH Xe cơ giới | R422: =VLOOKUP(Q422,Sheet3!$L$11:$M$21,2,FALSE) -> HQ1 | S422: =SUMIFS('HQ2'!$O:$O,'HQ2'!$B:$B, "="&'Tong_hop_HQNV_2026Q1_2026-06-23'!Q422, 'HQ2'!$A:$A,"="&'Tong_hop_HQNV_2026Q1_2026-06-23'!P422) -> 0 | T422: =IFERROR(IF(R422="HQ2",S422-G422,0),0) -> 0
A423: Xe cÆ¡ giá»›i | B423: 122 | C423: 0 | D423: 0 | E423: -453298004 | F423: 1233356071 | G423: 904162366 | H423: 211491457 | I423: 0 | J423: 0 | K423: 1233356071 | L423: 453298004 | M423: 25,0% | N423: 1 | O423: 1 | P423: =VLOOKUP(B423,'CHECK_DT-BT_chi_tiet'!$A:$C,3,FALSE) -> BV Bà Rịa - Vũng Tàu | Q423: =VLOOKUP(A423,Sheet3!$K$11:$L$21,2,FALSE) -> BH Xe cơ giới | R423: =VLOOKUP(Q423,Sheet3!$L$11:$M$21,2,FALSE) -> HQ1 | S423: =SUMIFS('HQ2'!$O:$O,'HQ2'!$B:$B, "="&'Tong_hop_HQNV_2026Q1_2026-06-23'!Q423, 'HQ2'!$A:$A,"="&'Tong_hop_HQNV_2026Q1_2026-06-23'!P423) -> 0 | T423: =IFERROR(IF(R423="HQ2",S423-G423,0),0) -> 0
A424: Xe cÆ¡ giá»›i | B424: 140 | C424: 0 | D424: 0 | E424: -1658751770 | F424: 4253829555 | G424: 5246010797 | H424: 1384353512 | I424: 0 | J424: 0 | K424: 4253829555 | L424: 1658751770 | M424: 25,0% | N424: 1 | O424: 1 | P424: =VLOOKUP(B424,'CHECK_DT-BT_chi_tiet'!$A:$C,3,FALSE) -> BV Hà Giang | Q424: =VLOOKUP(A424,Sheet3!$K$11:$L$21,2,FALSE) -> BH Xe cơ giới | R424: =VLOOKUP(Q424,Sheet3!$L$11:$M$21,2,FALSE) -> HQ1 | S424: =SUMIFS('HQ2'!$O:$O,'HQ2'!$B:$B, "="&'Tong_hop_HQNV_2026Q1_2026-06-23'!Q424, 'HQ2'!$A:$A,"="&'Tong_hop_HQNV_2026Q1_2026-06-23'!P424) -> 0 | T424: =IFERROR(IF(R424="HQ2",S424-G424,0),0) -> 0
A425: Xe cÆ¡ giá»›i | B425: 141 | C425: 0 | D425: 0 | E425: -911631199 | F425: 2867675839 | G425: 3.859484e+09 | H425: 5.5358552e+08 | I425: 0 | J425: 0 | K425: 2867675839 | L425: 911631199 | M425: 25,0% | N425: 1 | O425: 1 | P425: =VLOOKUP(B425,'CHECK_DT-BT_chi_tiet'!$A:$C,3,FALSE) -> BV Hà Nam | Q425: =VLOOKUP(A425,Sheet3!$K$11:$L$21,2,FALSE) -> BH Xe cơ giới | R425: =VLOOKUP(Q425,Sheet3!$L$11:$M$21,2,FALSE) -> HQ1 | S425: =SUMIFS('HQ2'!$O:$O,'HQ2'!$B:$B, "="&'Tong_hop_HQNV_2026Q1_2026-06-23'!Q425, 'HQ2'!$A:$A,"="&'Tong_hop_HQNV_2026Q1_2026-06-23'!P425) -> 0 | T425: =IFERROR(IF(R425="HQ2",S425-G425,0),0) -> 0
A426: Xe cÆ¡ giá»›i | B426: 163 | C426: 0 | D426: 0 | E426: -1351414338 | F426: 2340572194 | G426: 1719108363 | H426: 123717519 | I426: 0 | J426: 0 | K426: 2340572194 | L426: 1351414338 | M426: 25,0% | N426: 1 | O426: 1 | P426: =VLOOKUP(B426,'CHECK_DT-BT_chi_tiet'!$A:$C,3,FALSE) -> BV Quảng Bình | Q426: =VLOOKUP(A426,Sheet3!$K$11:$L$21,2,FALSE) -> BH Xe cơ giới | R426: =VLOOKUP(Q426,Sheet3!$L$11:$M$21,2,FALSE) -> HQ1 | S426: =SUMIFS('HQ2'!$O:$O,'HQ2'!$B:$B, "="&'Tong_hop_HQNV_2026Q1_2026-06-23'!Q426, 'HQ2'!$A:$A,"="&'Tong_hop_HQNV_2026Q1_2026-06-23'!P426) -> 0 | T426: =IFERROR(IF(R426="HQ2",S426-G426,0),0) -> 0
...

Sheet checkDT-BT(1)
E1: (1) | F1: (2) | G1: (1) -(2)
C2: THUYẾT MINH BCTC | E2: Kế toán | F2: ITC | G2: check
A3: STT | B3: Mã NV | C3: Thu phí bảo hiểm gốc | E3: PHÍ GỐC_NET
A4: 1 | B4: 01 | C4: Bảo hiểm hàng hóa vận chuyển | D4: BH Hàng hóa | E4: 131266805686 | F4: =SUMIFS('HQ2'!$C:$C,'HQ2'!$B:$B,"="&'checkDT-BT(1)'!D4)+SUMIFS('HQ1'!$C:$C,'HQ1'!$B:$B,"="&'checkDT-BT(1)'!D4) -> 145002964785 | G4: =F4-E4 -> 13736159099
A5: 2 | B5: 02 | C5: Bảo hiểm tàu thủy | E5: 280621744252 | F5: =SUM(F6:F8) -> 280698347074 | G5: =F5-E5 -> 76602822
D6: P&I | F6: =SUMIFS('HQ2'!$C:$C,'HQ2'!$B:$B,"="&'checkDT-BT(1)'!D6)+SUMIFS('HQ1'!$C:$C,'HQ1'!$B:$B,"="&'checkDT-BT(1)'!D6) -> 173284530538
D7: Hull (Thân tàu biển) | F7: =SUMIFS('HQ2'!$C:$C,'HQ2'!$B:$B,"="&'checkDT-BT(1)'!D7)+SUMIFS('HQ1'!$C:$C,'HQ1'!$B:$B,"="&'checkDT-BT(1)'!D7) -> 59628699179
D8: Tàu khác | F8: =SUMIFS('HQ2'!$C:$C,'HQ2'!$B:$B,"="&'checkDT-BT(1)'!D8)+SUMIFS('HQ1'!$C:$C,'HQ1'!$B:$B,"="&'checkDT-BT(1)'!D8) -> 47785117357
A9: 3 | B9: 03 | C9: Bảo hiểm dầu khí | E9: 0
A10: 4 | B10: 04 | C10: Bảo hiểm hàng không | E10: 100989411072 | F10: 100989411072
A11: 5 | B11: 05 | C11: Bảo hiểm kỹ thuật | D11: BH Kỹ thuật | E11: 132987281755 | F11: =SUMIFS('HQ2'!$C:$C,'HQ2'!$B:$B,"="&'checkDT-BT(1)'!D11)+SUMIFS('HQ1'!$C:$C,'HQ1'!$B:$B,"="&'checkDT-BT(1)'!D11) -> 136546666223 | G11: =F11-E11 -> 3559384468
A12: 6 | B12: 06 | C12: Bảo hiểm hỏa hoạn và các rủi ro đặc biệt | D12: BH Tài sản | E12: 497284066734 | F12: =SUMIFS('HQ2'!$C:$C,'HQ2'!$B:$B,"="&'checkDT-BT(1)'!D12)+SUMIFS('HQ1'!$C:$C,'HQ1'!$B:$B,"="&'checkDT-BT(1)'!D12) -> 497229964791 | G12: =F12-E12 -> -54101943
A13: 7 | B13: 07 | C13: Bảo hiểm trách nhiệm chung | D13: BH Trách nhiệm | E13: 86640034360 | F13: =SUMIFS('HQ2'!$C:$C,'HQ2'!$B:$B,"="&'checkDT-BT(1)'!D13)+SUMIFS('HQ1'!$C:$C,'HQ1'!$B:$B,"="&'checkDT-BT(1)'!D13) -> 73407528058 | G13: =F13-E13 -> -13232506302
A14: 8 | B14: 09 | C14: Bảo hiểm xe cơ giới | D14: BH Xe cơ giới | E14: 530074280760 | F14: =SUMIFS('HQ2'!$C:$C,'HQ2'!$B:$B,"="&'checkDT-BT(1)'!D14)+SUMIFS('HQ1'!$C:$C,'HQ1'!$B:$B,"="&'checkDT-BT(1)'!D14) -> 534126647822 | G14: =F14-E14 -> 4052367062
A15: 9 | B15: 11 | C15: Bảo hiểm tai nạn con người | D15: BH Con người | E15: 242982006410 | F15: =SUMIFS('HQ2'!$C:$C,'HQ2'!$B:$B,"="&'checkDT-BT(1)'!D15)+SUMIFS('HQ1'!$C:$C,'HQ1'!$B:$B,"="&'checkDT-BT(1)'!D15) -> 242944226227 | G15: =F15-E15 -> -37780183
A16: 10 | B16: 13 | C16: Bảo hiểm du lịch | D16: BH Du lịch | E16: 31367549353 | F16: =SUMIFS('HQ2'!$C:$C,'HQ2'!$B:$B,"="&'checkDT-BT(1)'!D16)+SUMIFS('HQ1'!$C:$C,'HQ1'!$B:$B,"="&'checkDT-BT(1)'!D16) -> 31402406553 | G16: =F16-E16 -> 34857200
A17: 11 | B17: 12 | C17: Bảo hiểm y tế sức khỏe | D17: BH Y tế | E17: 1235472233969 | F17: =SUMIFS('HQ2'!$C:$C,'HQ2'!$B:$B,"="&'checkDT-BT(1)'!D17)+SUMIFS('HQ1'!$C:$C,'HQ1'!$B:$B,"="&'checkDT-BT(1)'!D17) -> 1236439497144 | G17: =F17-E17 -> 967263175
A18: 12 | B18: 10 | C18: Bảo Hiểm Nông Nghiệp | E18: 1168993340 | F18: 1168993340
B19: Z | C19: Không phân tích | E19: 0
C20: Tổng cộng | E20: 3270854407691 | F20: =SUM(F10:F18)+F4+F5 -> 3279956653089

Sheet CHECK_DT-BT
